timestamp,model_name,checkpoint_path,state_dict_used,method,rho,epsilon_input,epsilon_eval,attack_steps,aggregation,num_runs,num_images,success_rate,runtime_sec,sec_per_image,sec_per_batch,efficiency,mean_l1,max_l1,mean_l0,median_l0,constraint_violation_rate,mean_final_loss,clean_acc,adv_acc
2026-03-26T12:35:01,l1/init1/convnext_small_l1_2_init1,/mnt/data/robustness_models/madry/l1/init1/convnext_small_l1_2_init1.pth.tar,state_dict_ema,baseline_l2norm,,1.0,127.5,10,best_over_runs,4,320,22.50000089406967,47.174529508687556,0.14742040471464862,9.434905901737512,152.62473968662175,114.86865234375,127.48370361328125,522.1000366210938,456.0,0.0,1.445180892944336,84.0624988079071,65.00000357627869
2026-03-26T12:35:48,l1/init1/convnext_small_l1_2_init1,/mnt/data/robustness_models/madry/l1/init1/convnext_small_l1_2_init1.pth.tar,state_dict_ema,l1norm_step,,1.0,127.5,10,best_over_runs,4,320,8.437500149011612,46.63934560213238,0.14574795500666368,9.327869120426476,57.891036266175014,127.4923095703125,127.50170135498047,77230.453125,79608.0,31.25,0.8704696893692017,84.0624988079071,76.8750011920929
2026-03-26T12:36:34,l1/init1/convnext_small_l1_2_init1,/mnt/data/robustness_models/madry/l1/init1/convnext_small_l1_2_init1.pth.tar,state_dict_ema,raw_grad_step,,1.0,127.5,10,best_over_runs,4,320,12.5,46.5737947486341,0.14554310858948155,9.31475894972682,85.88520694069729,103.819091796875,127.50223541259766,103741.4296875,147558.0,20.3125,0.9860218167304993,84.0624988079071,73.7500011920929
2026-03-26T12:37:21,l1/init1/convnext_small_l1_2_init1,/mnt/data/robustness_models/madry/l1/init1/convnext_small_l1_2_init1.pth.tar,state_dict_ema,l1_apgd_topk,0.01,1.0,127.5,10,best_over_runs,4,320,21.250000596046448,46.918696395121515,0.14662092623475473,9.383739279024303,144.93156701263146,127.35379791259766,127.50507354736328,1504.7906494140625,1505.0,16.875000298023224,1.3372427225112915,84.0624988079071,65.3124988079071
2026-03-26T12:38:08,l1/init1/convnext_small_l1_2_init1,/mnt/data/robustness_models/madry/l1/init1/convnext_small_l1_2_init1.pth.tar,state_dict_ema,l1_apgd_topk,0.05,1.0,127.5,10,best_over_runs,4,320,13.437500596046448,46.897888323292136,0.14655590101028793,9.379577664658427,91.6885673208284,127.52007293701172,127.57352447509766,7523.80322265625,7526.0,82.8125,0.9989733099937439,84.0624988079071,72.81250357627869
2026-03-26T12:38:55,l1/init1/convnext_small_l1_2_init1,/mnt/data/robustness_models/madry/l1/init1/convnext_small_l1_2_init1.pth.tar,state_dict_ema,l1_apgd_topk,0.1,1.0,127.5,10,best_over_runs,4,320,10.312499850988388,46.95267238095403,0.14672710119048132,9.390534476190805,70.28353840099851,127.57275390625,127.6955795288086,15043.0029296875,15052.0,92.81250238418579,0.9089967608451843,84.0624988079071,75.3125011920929
2026-03-26T12:39:07,l1/init1/convnext_small_l1_2_init1,/mnt/data/robustness_models/madry/l1/init1/convnext_small_l1_2_init1.pth.tar,state_dict_ema,fw_onehot,,1.0,127.5,10,best_over_runs,1,320,0.937500037252903,11.575213751755655,0.03617254297423642,2.315042750351131,25.91744898667006,1.4542492628097534,3.776827096939087,5.112500190734863,5.0,nan,0.6661020517349243,84.0624988079071,83.1250011920929
2026-03-26T12:39:54,l1/init1/convnext_small_l1_2_init1,/mnt/data/robustness_models/madry/l1/init1/convnext_small_l1_2_init1.pth.tar,state_dict_ema,baseline_l2norm,,2.0,255.0,10,best_over_runs,4,320,35.62500178813934,46.88111983425915,0.14650349948205985,9.37622396685183,243.168265018146,198.53619384765625,254.79212951660156,1212.53125,675.0,0.0,1.9416847229003906,84.0624988079071,51.875001192092896
2026-03-26T12:40:41,l1/init1/convnext_small_l1_2_init1,/mnt/data/robustness_models/madry/l1/init1/convnext_small_l1_2_init1.pth.tar,state_dict_ema,l1norm_step,,2.0,255.0,10,best_over_runs,4,320,15.937499701976776,46.82111584581435,0.14631598701816984,9.36422316916287,108.92521061281992,254.97891235351562,255.00186157226562,77854.6328125,80199.0,20.93750089406967,1.1258653402328491,84.0624988079071,70.6250011920929
2026-03-26T12:41:28,l1/init1/convnext_small_l1_2_init1,/mnt/data/robustness_models/madry/l1/init1/convnext_small_l1_2_init1.pth.tar,state_dict_ema,raw_grad_step,,2.0,255.0,10,best_over_runs,4,320,19.687500596046448,46.700102797709405,0.14593782124284188,9.34002055954188,134.9033473871469,205.094970703125,255.0029754638672,99827.1875,146701.0,15.625,1.4003679752349854,84.0624988079071,67.5000011920929
2026-03-26T12:42:15,l1/init1/convnext_small_l1_2_init1,/mnt/data/robustness_models/madry/l1/init1/convnext_small_l1_2_init1.pth.tar,state_dict_ema,l1_apgd_topk,0.01,2.0,255.0,10,best_over_runs,4,320,48.4375,46.96796496491879,0.14677489051537124,9.39359299298376,330.0121691790825,249.35935974121094,254.99801635742188,1490.140625,1505.0,0.0,2.603260040283203,84.0624988079071,39.68749940395355
2026-03-26T12:43:02,l1/init1/convnext_small_l1_2_init1,/mnt/data/robustness_models/madry/l1/init1/convnext_small_l1_2_init1.pth.tar,state_dict_ema,l1_apgd_topk,0.05,2.0,255.0,10,best_over_runs,4,320,27.500000596046448,46.983091454952955,0.146822160796728,9.396618290990592,187.30142947643705,255.02195739746094,255.19357299804688,7524.31884765625,7526.0,75.93750357627869,1.5590845346450806,84.0624988079071,59.375
2026-03-26T12:43:49,l1/init1/convnext_small_l1_2_init1,/mnt/data/robustness_models/madry/l1/init1/convnext_small_l1_2_init1.pth.tar,state_dict_ema,l1_apgd_topk,0.1,2.0,255.0,10,best_over_runs,4,320,18.437500298023224,46.989960555918515,0.14684362673724535,9.397992111183703,125.55873692097217,255.1267547607422,255.37203979492188,15042.4443359375,15052.0,94.37500238418579,1.2832149267196655,84.0624988079071,68.12500357627869
2026-03-26T12:44:01,l1/init1/convnext_small_l1_2_init1,/mnt/data/robustness_models/madry/l1/init1/convnext_small_l1_2_init1.pth.tar,state_dict_ema,fw_onehot,,2.0,255.0,10,best_over_runs,1,320,0.937500037252903,11.592723275534809,0.03622726023604628,2.3185446551069617,25.878303552198698,1.4542492628097534,3.776827096939087,5.112500190734863,5.0,nan,0.6661020517349243,84.0624988079071,83.1250011920929
2026-03-26T12:44:48,l1/init1/convnext_small_l1_2_init1,/mnt/data/robustness_models/madry/l1/init1/convnext_small_l1_2_init1.pth.tar,state_dict_ema,baseline_l2norm,,4.0,510.0,10,best_over_runs,4,320,44.062501192092896,46.911625175736845,0.14659882867417764,9.38232503514737,300.565165428598,304.880126953125,507.95538330078125,1439.8843994140625,889.0,0.0,2.3507320880889893,84.0624988079071,45.00000178813934
2026-03-26T12:45:35,l1/init1/convnext_small_l1_2_init1,/mnt/data/robustness_models/madry/l1/init1/convnext_small_l1_2_init1.pth.tar,state_dict_ema,l1norm_step,,4.0,510.0,10,best_over_runs,4,320,34.06250178813934,46.858313110657036,0.14643222847080323,9.371662622131407,232.61615386076696,509.9278259277344,510.0015869140625,79064.9296875,81229.0,15.000000596046448,1.7886278629302979,84.0624988079071,53.125
2026-03-26T12:46:22,l1/init1/convnext_small_l1_2_init1,/mnt/data/robustness_models/madry/l1/init1/convnext_small_l1_2_init1.pth.tar,state_dict_ema,raw_grad_step,,4.0,510.0,10,best_over_runs,4,320,31.562501192092896,46.712696605362,0.14597717689175624,9.3425393210724,216.21531436723737,419.8744201660156,510.00323486328125,94148.875,142083.0,9.062500298023224,2.4209201335906982,84.0624988079071,56.562501192092896
2026-03-26T12:47:09,l1/init1/convnext_small_l1_2_init1,/mnt/data/robustness_models/madry/l1/init1/convnext_small_l1_2_init1.pth.tar,state_dict_ema,l1_apgd_topk,0.01,4.0,510.0,10,best_over_runs,4,320,60.624998807907104,47.00826258677989,0.14690082058368717,9.401652517355979,412.69339794715415,446.078125,487.7900695800781,1445.268798828125,1458.0,0.0,3.4589264392852783,84.0624988079071,29.062500596046448
2026-03-26T12:47:56,l1/init1/convnext_small_l1_2_init1,/mnt/data/robustness_models/madry/l1/init1/convnext_small_l1_2_init1.pth.tar,state_dict_ema,l1_apgd_topk,0.05,4.0,510.0,10,best_over_runs,4,320,60.624998807907104,47.00485448073596,0.14689017025229986,9.400970896147191,412.7233204494015,509.54669189453125,510.2694091796875,7518.75,7526.0,35.62500178813934,3.7792718410491943,84.0624988079071,28.749999403953552
2026-03-26T12:48:43,l1/init1/convnext_small_l1_2_init1,/mnt/data/robustness_models/madry/l1/init1/convnext_small_l1_2_init1.pth.tar,state_dict_ema,l1_apgd_topk,0.1,4.0,510.0,10,best_over_runs,4,320,44.68750059604645,47.014745683409274,0.14692108026065398,9.402949136681855,304.1598967062178,510.2795104980469,510.9428405761719,15045.5625,15052.0,92.81250238418579,2.5877902507781982,84.0624988079071,43.12500059604645
2026-03-26T12:48:55,l1/init1/convnext_small_l1_2_init1,/mnt/data/robustness_models/madry/l1/init1/convnext_small_l1_2_init1.pth.tar,state_dict_ema,fw_onehot,,4.0,510.0,10,best_over_runs,1,320,0.937500037252903,11.613353241235018,0.03629172887885943,2.3226706482470036,25.83233332262143,1.4542492628097534,3.776827096939087,5.112500190734863,5.0,nan,0.6661020517349243,84.0624988079071,83.1250011920929
2026-03-26T12:49:42,l1/init1/convnext_small_l1_2_init1,/mnt/data/robustness_models/madry/l1/init1/convnext_small_l1_2_init1.pth.tar,state_dict_ema,baseline_l2norm,,8.0,1020.0,10,best_over_runs,4,320,44.68750059604645,46.89678654726595,0.14655245796020608,9.379357309453189,304.92494781752896,418.4408264160156,999.6259765625,1614.3531494140625,1050.0,0.0,2.4692084789276123,84.0624988079071,45.00000178813934
2026-03-26T12:50:29,l1/init1/convnext_small_l1_2_init1,/mnt/data/robustness_models/madry/l1/init1/convnext_small_l1_2_init1.pth.tar,state_dict_ema,l1norm_step,,8.0,1020.0,10,best_over_runs,4,320,59.375,46.85417161695659,0.14641928630298934,9.370834323391318,405.51351873914837,1019.7291259765625,1020.0023193359375,83102.46875,84045.0,10.625000298023224,3.6391327381134033,84.0624988079071,29.062500596046448
2026-03-26T12:51:16,l1/init1/convnext_small_l1_2_init1,/mnt/data/robustness_models/madry/l1/init1/convnext_small_l1_2_init1.pth.tar,state_dict_ema,raw_grad_step,,8.0,1020.0,10,best_over_runs,4,320,43.12500059604645,46.6933273980394,0.14591664811887312,9.33866547960788,295.5454442793535,870.1126098632812,1020.0018920898438,88270.0546875,72932.0,5.312500149011612,4.526601314544678,84.0624988079071,46.25000059604645
2026-03-26T12:52:03,l1/init1/convnext_small_l1_2_init1,/mnt/data/robustness_models/madry/l1/init1/convnext_small_l1_2_init1.pth.tar,state_dict_ema,l1_apgd_topk,0.01,8.0,1020.0,10,best_over_runs,4,320,55.000001192092896,47.00649892259389,0.14689530913310592,9.401299784518779,374.4163208251658,687.8129272460938,914.4970092773438,1475.1781005859375,1488.0,0.0,2.9390127658843994,84.0624988079071,34.687501192092896
2026-03-26T12:52:50,l1/init1/convnext_small_l1_2_init1,/mnt/data/robustness_models/madry/l1/init1/convnext_small_l1_2_init1.pth.tar,state_dict_ema,l1_apgd_topk,0.05,8.0,1020.0,10,best_over_runs,4,320,86.87500357627869,47.01397549919784,0.14691867343499326,9.402795099839569,591.3135583457201,995.66845703125,1020.0,7349.33447265625,7430.0,0.0,8.536025047302246,84.0624988079071,2.500000037252903
2026-03-26T12:53:37,l1/init1/convnext_small_l1_2_init1,/mnt/data/robustness_models/madry/l1/init1/convnext_small_l1_2_init1.pth.tar,state_dict_ema,l1_apgd_topk,0.1,8.0,1020.0,10,best_over_runs,4,320,79.6875,47.02091794088483,0.1469403685652651,9.404183588176966,542.3118287920039,1017.3571166992188,1021.3065185546875,14962.1630859375,15049.0,41.56250059604645,7.486636638641357,84.0624988079071,9.687500447034836
2026-03-26T12:53:49,l1/init1/convnext_small_l1_2_init1,/mnt/data/robustness_models/madry/l1/init1/convnext_small_l1_2_init1.pth.tar,state_dict_ema,fw_onehot,,8.0,1020.0,10,best_over_runs,1,320,0.937500037252903,11.604684498161077,0.03626463905675337,2.3209368996322155,25.851630173010573,1.4542492628097534,3.776827096939087,5.112500190734863,5.0,nan,0.6661020517349243,84.0624988079071,83.1250011920929
2026-03-26T12:54:36,l1/init1/convnext_small_l1_2_init1,/mnt/data/robustness_models/madry/l1/init1/convnext_small_l1_2_init1.pth.tar,state_dict_ema,baseline_l2norm,,16.0,2040.0,10,best_over_runs,4,320,47.81250059604645,46.91048819757998,0.14659527561743743,9.382097639515996,326.15307959050745,529.4243774414062,1919.3870849609375,1740.2938232421875,1174.0,0.0,2.5291898250579834,84.0624988079071,42.500001192092896
2026-03-26T12:55:23,l1/init1/convnext_small_l1_2_init1,/mnt/data/robustness_models/madry/l1/init1/convnext_small_l1_2_init1.pth.tar,state_dict_ema,l1norm_step,,16.0,2040.0,10,best_over_runs,4,320,80.9374988079071,46.83623606432229,0.14636323770100718,9.36724721286446,552.9906285159346,2038.8753662109375,2040.004150390625,93638.9609375,93356.0,5.312500149011612,7.922482967376709,84.0624988079071,8.437500149011612
2026-03-26T12:56:09,l1/init1/convnext_small_l1_2_init1,/mnt/data/robustness_models/madry/l1/init1/convnext_small_l1_2_init1.pth.tar,state_dict_ema,raw_grad_step,,16.0,2040.0,10,best_over_runs,4,320,53.125,46.710006449371576,0.14596877015428616,9.342001289874315,363.94771254048317,1773.7298583984375,2040.001708984375,87984.0390625,60373.0,2.187499962747097,8.164226531982422,84.0624988079071,36.250001192092896
2026-03-26T12:56:57,l1/init1/convnext_small_l1_2_init1,/mnt/data/robustness_models/madry/l1/init1/convnext_small_l1_2_init1.pth.tar,state_dict_ema,l1_apgd_topk,0.01,16.0,2040.0,10,best_over_runs,4,320,55.31250238418579,47.00920251570642,0.14690375786158255,9.401840503141283,376.5220385737376,755.5186157226562,1919.3870849609375,1955.9000244140625,1505.0,0.0,2.7702009677886963,84.0624988079071,36.87500059604645
2026-03-26T12:57:44,l1/init1/convnext_small_l1_2_init1,/mnt/data/robustness_models/madry/l1/init1/convnext_small_l1_2_init1.pth.tar,state_dict_ema,l1_apgd_topk,0.05,16.0,2040.0,10,best_over_runs,4,320,90.625,47.01477474998683,0.14692117109370884,9.402954949997365,616.8273729740272,1854.6156005859375,1966.222900390625,7061.27490234375,7036.0,0.0,9.450488090515137,84.0624988079071,1.2500000186264515
2026-03-26T12:58:31,l1/init1/convnext_small_l1_2_init1,/mnt/data/robustness_models/madry/l1/init1/convnext_small_l1_2_init1.pth.tar,state_dict_ema,l1_apgd_topk,0.1,16.0,2040.0,10,best_over_runs,4,320,90.625,47.06051817443222,0.1470641192951007,9.412103634886444,616.2278088930091,1973.6942138671875,2037.47265625,14150.3193359375,14225.0,0.0,11.737627983093262,84.0624988079071,0.3125000046566129
2026-03-26T12:58:43,l1/init1/convnext_small_l1_2_init1,/mnt/data/robustness_models/madry/l1/init1/convnext_small_l1_2_init1.pth.tar,state_dict_ema,fw_onehot,,16.0,2040.0,10,best_over_runs,1,320,0.937500037252903,11.603128318674862,0.036259775995858945,2.3206256637349725,25.855097322166866,1.4542492628097534,3.776827096939087,5.112500190734863,5.0,nan,0.6661020517349243,84.0624988079071,83.1250011920929
2026-03-26T12:59:31,l2/init1/convnext_small_l2_2_init1,/mnt/data/robustness_models/madry/l2/init1/convnext_small_l2_2_init1.pth.tar,state_dict_ema,baseline_l2norm,,1.0,127.5,10,best_over_runs,4,320,27.187499403953552,47.13798453845084,0.14730620168265887,9.427596907690168,184.56452677072937,112.2664566040039,127.28878021240234,493.40625,446.0,0.0,1.5353235006332397,85.31250357627869,61.250001192092896
2026-03-26T13:00:19,l2/init1/convnext_small_l2_2_init1,/mnt/data/robustness_models/madry/l2/init1/convnext_small_l2_2_init1.pth.tar,state_dict_ema,l1norm_step,,1.0,127.5,10,best_over_runs,4,320,10.000000149011612,47.08931068889797,0.14715409590280615,9.417862137779593,67.95597558913015,127.49641418457031,127.50135803222656,63147.1015625,65267.0,33.75000059604645,0.9823781847953796,85.31250357627869,75.93750357627869
2026-03-26T13:01:06,l2/init1/convnext_small_l2_2_init1,/mnt/data/robustness_models/madry/l2/init1/convnext_small_l2_2_init1.pth.tar,state_dict_ema,raw_grad_step,,1.0,127.5,10,best_over_runs,4,320,12.812499701976776,46.98289670608938,0.14682155220652932,9.396579341217876,87.26579653615043,102.26374816894531,127.50206756591797,105829.9375,147389.0,17.81250089406967,1.0465449094772339,85.31250357627869,74.06250238418579
2026-03-26T13:01:53,l2/init1/convnext_small_l2_2_init1,/mnt/data/robustness_models/madry/l2/init1/convnext_small_l2_2_init1.pth.tar,state_dict_ema,l1_apgd_topk,0.01,1.0,127.5,10,best_over_runs,4,320,25.0,47.22044862806797,0.1475639019627124,9.444089725613594,169.41812779061098,127.4276123046875,127.50516510009766,1503.8719482421875,1505.0,22.187499701976776,1.4394278526306152,85.31250357627869,63.43750357627869
2026-03-26T13:02:40,l2/init1/convnext_small_l2_2_init1,/mnt/data/robustness_models/madry/l2/init1/convnext_small_l2_2_init1.pth.tar,state_dict_ema,l1_apgd_topk,0.05,1.0,127.5,10,best_over_runs,4,320,13.125000894069672,47.22117790579796,0.14756618095561863,9.444235581159592,88.94314950128776,127.5227279663086,127.57569885253906,7524.74365234375,7526.0,85.9375,1.0703659057617188,85.31250357627869,73.4375
2026-03-26T13:03:28,l2/init1/convnext_small_l2_2_init1,/mnt/data/robustness_models/madry/l2/init1/convnext_small_l2_2_init1.pth.tar,state_dict_ema,l1_apgd_topk,0.1,1.0,127.5,10,best_over_runs,4,320,9.375,47.2396665494889,0.14762395796715283,9.447933309897781,63.50595207646438,127.58308410644531,127.71269226074219,15046.447265625,15052.0,97.1875011920929,0.9799947738647461,85.31250357627869,76.5625
2026-03-26T13:03:39,l2/init1/convnext_small_l2_2_init1,/mnt/data/robustness_models/madry/l2/init1/convnext_small_l2_2_init1.pth.tar,state_dict_ema,fw_onehot,,1.0,127.5,10,best_over_runs,1,320,0.0,11.640686050057411,0.03637714390642941,2.3281372100114823,0.0,1.5993651151657104,3.926060438156128,5.181250095367432,6.0,nan,0.772432267665863,85.31250357627869,85.31250357627869
2026-03-26T13:04:27,l2/init1/convnext_small_l2_2_init1,/mnt/data/robustness_models/madry/l2/init1/convnext_small_l2_2_init1.pth.tar,state_dict_ema,baseline_l2norm,,2.0,255.0,10,best_over_runs,4,320,35.31250059604645,47.148025748319924,0.14733758046349976,9.429605149663985,239.67069694615003,185.9525146484375,254.14015197753906,1155.362548828125,621.0,0.0,1.8393429517745972,85.31250357627869,53.75000238418579
2026-03-26T13:05:14,l2/init1/convnext_small_l2_2_init1,/mnt/data/robustness_models/madry/l2/init1/convnext_small_l2_2_init1.pth.tar,state_dict_ema,l1norm_step,,2.0,255.0,10,best_over_runs,4,320,18.437500298023224,47.11129809450358,0.1472228065453237,9.422259618900716,125.23535402340734,254.98521423339844,255.00161743164062,63687.27734375,65710.0,24.06250089406967,1.2460081577301025,85.31250357627869,68.75
2026-03-26T13:06:01,l2/init1/convnext_small_l2_2_init1,/mnt/data/robustness_models/madry/l2/init1/convnext_small_l2_2_init1.pth.tar,state_dict_ema,raw_grad_step,,2.0,255.0,10,best_over_runs,4,320,21.875,46.99857933167368,0.14687056041148025,9.399715866334736,148.9406722403309,207.39456176757812,255.00262451171875,101946.2109375,141983.0,15.937499701976776,1.4135087728500366,85.31250357627869,65.625
2026-03-26T13:06:48,l2/init1/convnext_small_l2_2_init1,/mnt/data/robustness_models/madry/l2/init1/convnext_small_l2_2_init1.pth.tar,state_dict_ema,l1_apgd_topk,0.01,2.0,255.0,10,best_over_runs,4,320,51.249998807907104,47.28731662128121,0.14777286444150378,9.457463324256242,346.8160341995301,249.8056640625,255.0023956298828,1489.4656982421875,1505.0,0.6250000093132257,2.7283177375793457,85.31250357627869,38.75000178813934
2026-03-26T13:07:36,l2/init1/convnext_small_l2_2_init1,/mnt/data/robustness_models/madry/l2/init1/convnext_small_l2_2_init1.pth.tar,state_dict_ema,l1_apgd_topk,0.05,2.0,255.0,10,best_over_runs,4,320,29.062500596046448,47.23938126862049,0.14762306646443904,9.447876253724099,196.86964437259758,255.0294952392578,255.13372802734375,7522.2626953125,7526.0,81.5625011920929,1.568125605583191,85.31250357627869,59.375
2026-03-26T13:08:23,l2/init1/convnext_small_l2_2_init1,/mnt/data/robustness_models/madry/l2/init1/convnext_small_l2_2_init1.pth.tar,state_dict_ema,l1_apgd_topk,0.1,2.0,255.0,10,best_over_runs,4,320,20.3125,47.23947470635176,0.14762335845734925,9.447894941270352,137.59678828786846,255.1429901123047,255.4491729736328,15046.8193359375,15052.0,97.50000238418579,1.2908903360366821,85.31250357627869,67.1875
2026-03-26T13:08:35,l2/init1/convnext_small_l2_2_init1,/mnt/data/robustness_models/madry/l2/init1/convnext_small_l2_2_init1.pth.tar,state_dict_ema,fw_onehot,,2.0,255.0,10,best_over_runs,1,320,0.0,11.660905851982534,0.03644033078744542,2.332181170396507,0.0,1.5993651151657104,3.926060438156128,5.181250095367432,6.0,nan,0.772432267665863,85.31250357627869,85.31250357627869
2026-03-26T13:09:22,l2/init1/convnext_small_l2_2_init1,/mnt/data/robustness_models/madry/l2/init1/convnext_small_l2_2_init1.pth.tar,state_dict_ema,baseline_l2norm,,4.0,510.0,10,best_over_runs,4,320,40.625,47.18032775633037,0.1474385242385324,9.436065551266074,275.53856910745475,275.4270935058594,478.916259765625,869.3624877929688,809.0,0.0,2.048175573348999,85.31250357627869,48.750001192092896
2026-03-26T13:10:09,l2/init1/convnext_small_l2_2_init1,/mnt/data/robustness_models/madry/l2/init1/convnext_small_l2_2_init1.pth.tar,state_dict_ema,l1norm_step,,4.0,510.0,10,best_over_runs,4,320,37.18750178813934,47.08961241412908,0.14715503879415337,9.417922482825816,252.7096733680916,509.94610595703125,510.0013732910156,65709.703125,67477.0,15.625,1.8908014297485352,85.31250357627869,51.5625
2026-03-26T13:10:56,l2/init1/convnext_small_l2_2_init1,/mnt/data/robustness_models/madry/l2/init1/convnext_small_l2_2_init1.pth.tar,state_dict_ema,raw_grad_step,,4.0,510.0,10,best_over_runs,4,320,34.687501192092896,46.97235923819244,0.14678862261935138,9.394471847638489,236.30919463045623,422.14166259765625,510.00152587890625,96567.875,125668.0,9.687500447034836,2.1930062770843506,85.31250357627869,54.374998807907104
2026-03-26T13:11:44,l2/init1/convnext_small_l2_2_init1,/mnt/data/robustness_models/madry/l2/init1/convnext_small_l2_2_init1.pth.tar,state_dict_ema,l1_apgd_topk,0.01,4.0,510.0,10,best_over_runs,4,320,60.31250357627869,47.251763520762324,0.14766176100238226,9.450352704152465,408.4503880141701,449.20947265625,501.52032470703125,1431.909423828125,1439.0,0.0,3.277757406234741,85.31250357627869,29.6875
2026-03-26T13:12:31,l2/init1/convnext_small_l2_2_init1,/mnt/data/robustness_models/madry/l2/init1/convnext_small_l2_2_init1.pth.tar,state_dict_ema,l1_apgd_topk,0.05,4.0,510.0,10,best_over_runs,4,320,61.87500357627869,47.27626174129546,0.1477383179415483,9.45525234825909,418.81486427075157,509.81378173828125,510.2430419921875,7523.6220703125,7526.0,44.68750059604645,3.369036912918091,85.31250357627869,28.749999403953552
2026-03-26T13:13:18,l2/init1/convnext_small_l2_2_init1,/mnt/data/robustness_models/madry/l2/init1/convnext_small_l2_2_init1.pth.tar,state_dict_ema,l1_apgd_topk,0.1,4.0,510.0,10,best_over_runs,4,320,47.187501192092896,47.25547092594206,0.14767334664356896,9.451094185188413,319.5397291698601,510.3097839355469,510.84063720703125,15047.8974609375,15052.0,96.5624988079071,2.310749053955078,85.31250357627869,42.500001192092896
2026-03-26T13:13:30,l2/init1/convnext_small_l2_2_init1,/mnt/data/robustness_models/madry/l2/init1/convnext_small_l2_2_init1.pth.tar,state_dict_ema,fw_onehot,,4.0,510.0,10,best_over_runs,1,320,0.0,11.664117358624935,0.03645036674570292,2.332823471724987,0.0,1.5993651151657104,3.926060438156128,5.181250095367432,6.0,nan,0.772432267665863,85.31250357627869,85.31250357627869
2026-03-26T13:14:17,l2/init1/convnext_small_l2_2_init1,/mnt/data/robustness_models/madry/l2/init1/convnext_small_l2_2_init1.pth.tar,state_dict_ema,baseline_l2norm,,8.0,1020.0,10,best_over_runs,4,320,40.625,47.15895511675626,0.1473717347398633,9.431791023351252,275.6634443620425,365.5461120605469,774.5204467773438,964.0844116210938,899.0,0.0,2.1319193840026855,85.31250357627869,48.750001192092896
2026-03-26T13:15:04,l2/init1/convnext_small_l2_2_init1,/mnt/data/robustness_models/madry/l2/init1/convnext_small_l2_2_init1.pth.tar,state_dict_ema,l1norm_step,,8.0,1020.0,10,best_over_runs,4,320,59.687501192092896,47.06698986515403,0.14708434332860634,9.413397973030806,405.80458695554654,1019.7939453125,1020.001953125,71336.1171875,72984.0,11.250000447034836,3.385395050048828,85.31250357627869,30.000001192092896
2026-03-26T13:15:51,l2/init1/convnext_small_l2_2_init1,/mnt/data/robustness_models/madry/l2/init1/convnext_small_l2_2_init1.pth.tar,state_dict_ema,raw_grad_step,,8.0,1020.0,10,best_over_runs,4,320,45.93749940395355,46.965025822632015,0.14676570569572506,9.393005164526404,312.99886568318124,883.6853637695312,1020.0021362304688,93836.1796875,94619.0,5.625000223517418,3.525338888168335,85.31250357627869,44.062501192092896
2026-03-26T13:16:39,l2/init1/convnext_small_l2_2_init1,/mnt/data/robustness_models/madry/l2/init1/convnext_small_l2_2_init1.pth.tar,state_dict_ema,l1_apgd_topk,0.01,8.0,1020.0,10,best_over_runs,4,320,54.6875,47.21956473495811,0.1475611397967441,9.443912946991622,370.60909176581646,694.5353393554688,839.8697509765625,1474.0218505859375,1488.0,0.0,2.815107822418213,85.31250357627869,36.87500059604645
2026-03-26T13:17:26,l2/init1/convnext_small_l2_2_init1,/mnt/data/robustness_models/madry/l2/init1/convnext_small_l2_2_init1.pth.tar,state_dict_ema,l1_apgd_topk,0.05,8.0,1020.0,10,best_over_runs,4,320,85.6249988079071,47.243328048847616,0.1476354001526488,9.448665609769524,579.9760675242825,999.0836791992188,1020.0018920898438,7279.625,7382.0,0.3125000046566129,6.969313144683838,85.31250357627869,5.625000223517418
2026-03-26T13:18:13,l2/init1/convnext_small_l2_2_init1,/mnt/data/robustness_models/madry/l2/init1/convnext_small_l2_2_init1.pth.tar,state_dict_ema,l1_apgd_topk,0.1,8.0,1020.0,10,best_over_runs,4,320,77.50000357627869,47.262402292340994,0.1476950071635656,9.452480458468198,524.7300167056487,1018.46435546875,1021.2901000976562,14963.0341796875,15050.0,52.50000357627869,5.9077959060668945,85.31250357627869,13.125000894069672
2026-03-26T13:18:25,l2/init1/convnext_small_l2_2_init1,/mnt/data/robustness_models/madry/l2/init1/convnext_small_l2_2_init1.pth.tar,state_dict_ema,fw_onehot,,8.0,1020.0,10,best_over_runs,1,320,0.0,11.65372666157782,0.03641789581743069,2.3307453323155642,0.0,1.5993651151657104,3.926060438156128,5.181250095367432,6.0,nan,0.772432267665863,85.31250357627869,85.31250357627869
2026-03-26T13:19:12,l2/init1/convnext_small_l2_2_init1,/mnt/data/robustness_models/madry/l2/init1/convnext_small_l2_2_init1.pth.tar,state_dict_ema,baseline_l2norm,,16.0,2040.0,10,best_over_runs,4,320,42.1875,47.16386610735208,0.14738708158547525,9.432773221470416,286.23607677267086,446.1142578125,1046.3359375,1047.0687255859375,992.0,0.0,2.1593780517578125,85.31250357627869,48.4375
2026-03-26T13:20:00,l2/init1/convnext_small_l2_2_init1,/mnt/data/robustness_models/madry/l2/init1/convnext_small_l2_2_init1.pth.tar,state_dict_ema,l1norm_step,,16.0,2040.0,10,best_over_runs,4,320,77.8124988079071,47.082578314468265,0.14713305723271333,9.416515662893653,528.8580300811312,2038.9573974609375,2040.0045166015625,84225.4921875,84716.0,4.374999925494194,6.230038642883301,85.31250357627869,13.125000894069672
2026-03-26T13:20:47,l2/init1/convnext_small_l2_2_init1,/mnt/data/robustness_models/madry/l2/init1/convnext_small_l2_2_init1.pth.tar,state_dict_ema,raw_grad_step,,16.0,2040.0,10,best_over_runs,4,320,58.43750238418579,46.942439150996506,0.14669512234686408,9.3884878301993,398.3602279972809,1859.7371826171875,2040.0032958984375,96277.734375,82842.0,3.125,5.823704242706299,85.31250357627869,32.8125
2026-03-26T13:21:34,l2/init1/convnext_small_l2_2_init1,/mnt/data/robustness_models/madry/l2/init1/convnext_small_l2_2_init1.pth.tar,state_dict_ema,l1_apgd_topk,0.01,16.0,2040.0,10,best_over_runs,4,320,55.000001192092896,47.2492605689913,0.14765393927809783,9.449852113798261,372.4926098212897,742.9413452148438,966.7725830078125,1471.893798828125,1505.0,0.0,2.724886417388916,85.31250357627869,36.56249940395355
2026-03-26T13:22:21,l2/init1/convnext_small_l2_2_init1,/mnt/data/robustness_models/madry/l2/init1/convnext_small_l2_2_init1.pth.tar,state_dict_ema,l1_apgd_topk,0.05,16.0,2040.0,10,best_over_runs,4,320,92.81250238418579,47.244576489552855,0.14763930152985266,9.44891529791057,628.6436024991564,1866.1898193359375,1994.4835205078125,7004.171875,6983.0,0.0,7.755168437957764,85.31250357627869,1.875000074505806
2026-03-26T13:23:09,l2/init1/convnext_small_l2_2_init1,/mnt/data/robustness_models/madry/l2/init1/convnext_small_l2_2_init1.pth.tar,state_dict_ema,l1_apgd_topk,0.1,16.0,2040.0,10,best_over_runs,4,320,91.56250357627869,47.25375762861222,0.14766799258941318,9.450751525722444,620.0565333807017,1983.5052490234375,2038.771728515625,14014.681640625,14073.0,0.0,9.53465461730957,85.31250357627869,0.6250000093132257
2026-03-26T13:23:20,l2/init1/convnext_small_l2_2_init1,/mnt/data/robustness_models/madry/l2/init1/convnext_small_l2_2_init1.pth.tar,state_dict_ema,fw_onehot,,16.0,2040.0,10,best_over_runs,1,320,0.0,11.653619946911931,0.03641756233409978,2.330723989382386,0.0,1.5993651151657104,3.926060438156128,5.181250095367432,6.0,nan,0.772432267665863,85.31250357627869,85.31250357627869
2026-03-26T13:24:09,linf/init1/convnext_small_linf_2_init1,/mnt/data/robustness_models/madry/linf/init1/convnext_small_linf_2_init1.pth.tar,state_dict_ema,baseline_l2norm,,1.0,127.5,10,best_over_runs,4,320,45.93749940395355,47.188830668106675,0.14746509583783335,9.437766133621334,311.51439018810794,85.69634246826172,110.71683502197266,336.359375,323.0,0.0,2.5701446533203125,86.2500011920929,44.37499940395355
2026-03-26T13:24:56,linf/init1/convnext_small_linf_2_init1,/mnt/data/robustness_models/madry/linf/init1/convnext_small_linf_2_init1.pth.tar,state_dict_ema,l1norm_step,,1.0,127.5,10,best_over_runs,4,320,32.18750059604645,47.113228004425764,0.1472288375138305,9.422645600885152,218.62225593557915,127.44465637207031,127.50076293945312,32060.662109375,31125.0,25.0,1.779496431350708,86.2500011920929,57.18750357627869
2026-03-26T13:25:44,linf/init1/convnext_small_linf_2_init1,/mnt/data/robustness_models/madry/linf/init1/convnext_small_linf_2_init1.pth.tar,state_dict_ema,raw_grad_step,,1.0,127.5,10,best_over_runs,4,320,29.6875,47.062965107150376,0.14707176595984492,9.412593021430075,201.85723484210826,98.35792541503906,127.50288391113281,86147.9765625,138431.0,10.000000149011612,2.13275408744812,86.2500011920929,60.00000238418579
2026-03-26T13:26:31,linf/init1/convnext_small_linf_2_init1,/mnt/data/robustness_models/madry/linf/init1/convnext_small_linf_2_init1.pth.tar,state_dict_ema,l1_apgd_topk,0.01,1.0,127.5,10,best_over_runs,4,320,66.56250357627869,47.285251211375,0.14776641003554686,9.457050242274999,450.4576077896616,126.5783920288086,127.50294494628906,1484.675048828125,1503.0,2.500000037252903,4.246896266937256,86.2500011920929,24.06250089406967
2026-03-26T13:27:18,linf/init1/convnext_small_linf_2_init1,/mnt/data/robustness_models/madry/linf/init1/convnext_small_linf_2_init1.pth.tar,state_dict_ema,l1_apgd_topk,0.05,1.0,127.5,10,best_over_runs,4,320,26.875001192092896,47.289322131313384,0.14777913166035433,9.457864426262677,181.8592441987046,127.29791259765625,127.55801391601562,7453.25634765625,7526.0,53.75000238418579,1.550060510635376,86.2500011920929,62.812501192092896
2026-03-26T13:28:06,linf/init1/convnext_small_linf_2_init1,/mnt/data/robustness_models/madry/linf/init1/convnext_small_linf_2_init1.pth.tar,state_dict_ema,l1_apgd_topk,0.1,1.0,127.5,10,best_over_runs,4,320,16.875000298023224,47.318444267846644,0.14787013833702076,9.463688853569328,114.1204065121132,127.39337158203125,127.63796997070312,15346.1904296875,15052.0,83.43750238418579,1.1758241653442383,86.2500011920929,71.5624988079071
2026-03-26T13:28:17,linf/init1/convnext_small_linf_2_init1,/mnt/data/robustness_models/madry/linf/init1/convnext_small_linf_2_init1.pth.tar,state_dict_ema,fw_onehot,,1.0,127.5,10,best_over_runs,1,320,2.812500111758709,11.671178338117898,0.03647243230661843,2.3342356676235796,77.11303946263934,1.2153912782669067,3.2612597942352295,4.318749904632568,4.0,nan,0.7246624231338501,86.2500011920929,84.0624988079071
2026-03-26T13:29:05,linf/init1/convnext_small_linf_2_init1,/mnt/data/robustness_models/madry/linf/init1/convnext_small_linf_2_init1.pth.tar,state_dict_ema,baseline_l2norm,,2.0,255.0,10,best_over_runs,4,320,47.81250059604645,47.17019175365567,0.14740684923017397,9.434038350731134,324.35738804367105,128.7022705078125,254.996826171875,2258.590576171875,387.0,0.0,2.5246517658233643,86.2500011920929,42.81249940395355
2026-03-26T13:29:52,linf/init1/convnext_small_linf_2_init1,/mnt/data/robustness_models/madry/linf/init1/convnext_small_linf_2_init1.pth.tar,state_dict_ema,l1norm_step,,2.0,255.0,10,best_over_runs,4,320,53.125,47.1192190349102,0.14724755948409438,9.42384380698204,360.78696438930484,254.86367797851562,255.00048828125,34950.79296875,34111.0,11.562500149011612,3.107426404953003,86.2500011920929,36.56249940395355
2026-03-26T13:30:39,linf/init1/convnext_small_linf_2_init1,/mnt/data/robustness_models/madry/linf/init1/convnext_small_linf_2_init1.pth.tar,state_dict_ema,raw_grad_step,,2.0,255.0,10,best_over_runs,4,320,42.1875,47.0831494666636,0.14713484208332375,9.41662989333272,286.72678342298315,213.277099609375,255.0023193359375,78334.6640625,53248.0,6.875000149011612,3.390214681625366,86.2500011920929,48.4375
2026-03-26T13:31:26,linf/init1/convnext_small_linf_2_init1,/mnt/data/robustness_models/madry/linf/init1/convnext_small_linf_2_init1.pth.tar,state_dict_ema,l1_apgd_topk,0.01,2.0,255.0,10,best_over_runs,4,320,81.5625011920929,47.27371410373598,0.14773035657417494,9.454742820747196,552.1038673668985,246.7135467529297,254.200927734375,1396.7156982421875,1407.0,0.0,6.138079643249512,86.2500011920929,9.062500298023224
2026-03-26T13:32:14,linf/init1/convnext_small_linf_2_init1,/mnt/data/robustness_models/madry/linf/init1/convnext_small_linf_2_init1.pth.tar,state_dict_ema,l1_apgd_topk,0.05,2.0,255.0,10,best_over_runs,4,320,62.187498807907104,47.26701999269426,0.14770943747716955,9.453403998538851,421.01235960308225,254.61436462402344,255.12066650390625,7451.57177734375,7526.0,52.50000357627869,3.5367493629455566,86.2500011920929,28.437501192092896
2026-03-26T13:33:01,linf/init1/convnext_small_linf_2_init1,/mnt/data/robustness_models/madry/linf/init1/convnext_small_linf_2_init1.pth.tar,state_dict_ema,l1_apgd_topk,0.1,2.0,255.0,10,best_over_runs,4,320,39.0625,47.29839009139687,0.1478074690356152,9.459678018279373,264.27960816098965,254.9413299560547,255.39596557617188,14935.0029296875,15052.0,83.1250011920929,2.058993101119995,86.2500011920929,50.93750357627869
2026-03-26T13:33:13,linf/init1/convnext_small_linf_2_init1,/mnt/data/robustness_models/madry/linf/init1/convnext_small_linf_2_init1.pth.tar,state_dict_ema,fw_onehot,,2.0,255.0,10,best_over_runs,1,320,2.812500111758709,11.67174026928842,0.03647418834152631,2.334348053857684,77.10932688683418,1.2153912782669067,3.2612597942352295,4.318749904632568,4.0,nan,0.7246624231338501,86.2500011920929,84.0624988079071
2026-03-26T13:34:00,linf/init1/convnext_small_linf_2_init1,/mnt/data/robustness_models/madry/linf/init1/convnext_small_linf_2_init1.pth.tar,state_dict_ema,baseline_l2norm,,4.0,510.0,10,best_over_runs,4,320,47.49999940395355,47.15950663294643,0.1473734582279576,9.431901326589287,322.31040768874703,170.13494873046875,509.9666748046875,1378.4813232421875,435.0,0.0,2.4731109142303467,86.2500011920929,42.81249940395355
2026-03-26T13:34:47,linf/init1/convnext_small_linf_2_init1,/mnt/data/robustness_models/madry/linf/init1/convnext_small_linf_2_init1.pth.tar,state_dict_ema,l1norm_step,,4.0,510.0,10,best_over_runs,4,320,74.37500357627869,47.118252345360816,0.14724453857925254,9.423650469072163,505.1121372236653,509.6376037597656,510.0010986328125,44264.890625,43014.0,4.374999925494194,5.3823113441467285,86.2500011920929,16.25000089406967
2026-03-26T13:35:35,linf/init1/convnext_small_linf_2_init1,/mnt/data/robustness_models/madry/linf/init1/convnext_small_linf_2_init1.pth.tar,state_dict_ema,raw_grad_step,,4.0,510.0,10,best_over_runs,4,320,53.437501192092896,47.06851671542972,0.1470891147357179,9.413703343085945,363.300175462383,449.8929748535156,510.00213623046875,72076.328125,32514.0,5.000000074505806,5.183282375335693,86.2500011920929,36.87500059604645
2026-03-26T13:36:22,linf/init1/convnext_small_linf_2_init1,/mnt/data/robustness_models/madry/linf/init1/convnext_small_linf_2_init1.pth.tar,state_dict_ema,l1_apgd_topk,0.01,4.0,510.0,10,best_over_runs,4,320,79.6875,47.23702066577971,0.1476156895805616,9.447404133155942,539.8308284602117,453.8070983886719,483.55255126953125,1395.8406982421875,1383.0,0.0,5.591460704803467,86.2500011920929,12.187500298023224
2026-03-26T13:37:09,linf/init1/convnext_small_linf_2_init1,/mnt/data/robustness_models/madry/linf/init1/convnext_small_linf_2_init1.pth.tar,state_dict_ema,l1_apgd_topk,0.05,4.0,510.0,10,best_over_runs,4,320,87.8125011920929,47.27134134341031,0.14772294169815722,9.454268268682062,594.4405126423793,506.6491394042969,510.08160400390625,7089.25341796875,7176.0,2.812500111758709,8.190360069274902,86.2500011920929,2.812500111758709
2026-03-26T13:37:57,linf/init1/convnext_small_linf_2_init1,/mnt/data/robustness_models/madry/linf/init1/convnext_small_linf_2_init1.pth.tar,state_dict_ema,l1_apgd_topk,0.1,4.0,510.0,10,best_over_runs,4,320,72.50000238418579,47.26448848750442,0.1477015265234513,9.452897697500884,490.8547940611474,509.4762268066406,510.6756896972656,14807.3408203125,15046.0,68.75,5.373530864715576,86.2500011920929,18.125000596046448
2026-03-26T13:38:08,linf/init1/convnext_small_linf_2_init1,/mnt/data/robustness_models/madry/linf/init1/convnext_small_linf_2_init1.pth.tar,state_dict_ema,fw_onehot,,4.0,510.0,10,best_over_runs,1,320,2.812500111758709,11.680726939812303,0.036502271686913446,2.3361453879624605,77.05000214457962,1.2153912782669067,3.2612597942352295,4.318749904632568,4.0,nan,0.7246624231338501,86.2500011920929,84.0624988079071
2026-03-26T13:38:56,linf/init1/convnext_small_linf_2_init1,/mnt/data/robustness_models/madry/linf/init1/convnext_small_linf_2_init1.pth.tar,state_dict_ema,baseline_l2norm,,8.0,1020.0,10,best_over_runs,4,320,47.187501192092896,47.183388725854456,0.14744808976829518,9.436677745170892,320.027890942805,206.0527801513672,1018.35205078125,942.6062622070312,467.0,0.0,2.474926233291626,86.2500011920929,43.75
2026-03-26T13:39:43,linf/init1/convnext_small_linf_2_init1,/mnt/data/robustness_models/madry/linf/init1/convnext_small_linf_2_init1.pth.tar,state_dict_ema,l1norm_step,,8.0,1020.0,10,best_over_runs,4,320,83.75000357627869,47.11097572930157,0.1472217991540674,9.422195145860314,568.8695835637386,1018.8451538085938,1020.001708984375,66255.0859375,64802.0,0.3125000046566129,8.329095840454102,86.2500011920929,6.562500447034836
2026-03-26T13:40:30,linf/init1/convnext_small_linf_2_init1,/mnt/data/robustness_models/madry/linf/init1/convnext_small_linf_2_init1.pth.tar,state_dict_ema,raw_grad_step,,8.0,1020.0,10,best_over_runs,4,320,65.3124988079071,47.05042040441185,0.14703256376378704,9.41008408088237,444.20431186137733,968.6615600585938,1020.0016479492188,74777.140625,52534.0,3.437500074505806,7.3844757080078125,86.2500011920929,25.937500596046448
2026-03-26T13:41:17,linf/init1/convnext_small_linf_2_init1,/mnt/data/robustness_models/madry/linf/init1/convnext_small_linf_2_init1.pth.tar,state_dict_ema,l1_apgd_topk,0.01,8.0,1020.0,10,best_over_runs,4,320,72.81250357627869,47.28515025693923,0.1477660945529351,9.457030051387846,492.75514654814566,692.3790283203125,782.869140625,1477.378173828125,1490.0,0.0,4.266036510467529,86.2500011920929,20.3125
2026-03-26T13:42:05,linf/init1/convnext_small_linf_2_init1,/mnt/data/robustness_models/madry/linf/init1/convnext_small_linf_2_init1.pth.tar,state_dict_ema,l1_apgd_topk,0.05,8.0,1020.0,10,best_over_runs,4,320,94.37500238418579,47.28227267600596,0.14775710211251863,9.456454535201193,638.7171989358468,990.0573120117188,1013.2742919921875,6647.6064453125,6615.0,0.0,9.818951606750488,86.2500011920929,0.0
2026-03-26T13:42:52,linf/init1/convnext_small_linf_2_init1,/mnt/data/robustness_models/madry/linf/init1/convnext_small_linf_2_init1.pth.tar,state_dict_ema,l1_apgd_topk,0.1,8.0,1020.0,10,best_over_runs,4,320,92.81250238418579,47.26343229878694,0.14769822593370918,9.452686459757388,628.3928042970704,1007.4508666992188,1021.1096801757812,13410.140625,13312.0,0.937500037252903,10.020029067993164,86.2500011920929,0.0
2026-03-26T13:43:04,linf/init1/convnext_small_linf_2_init1,/mnt/data/robustness_models/madry/linf/init1/convnext_small_linf_2_init1.pth.tar,state_dict_ema,fw_onehot,,8.0,1020.0,10,best_over_runs,1,320,2.812500111758709,11.65628707408905,0.036425897106528285,2.3312574148178102,77.21155373424283,1.2153912782669067,3.2612597942352295,4.318749904632568,4.0,nan,0.7246624231338501,86.2500011920929,84.0624988079071
2026-03-26T13:43:51,linf/init1/convnext_small_linf_2_init1,/mnt/data/robustness_models/madry/linf/init1/convnext_small_linf_2_init1.pth.tar,state_dict_ema,baseline_l2norm,,16.0,2040.0,10,best_over_runs,4,320,45.625001192092896,47.18447039369494,0.14745146998029668,9.436894078738987,309.42384771199346,240.82412719726562,2029.13037109375,1875.5438232421875,474.0,0.0,2.443654775619507,86.2500011920929,45.3125
2026-03-26T13:44:38,linf/init1/convnext_small_linf_2_init1,/mnt/data/robustness_models/madry/linf/init1/convnext_small_linf_2_init1.pth.tar,state_dict_ema,l1norm_step,,16.0,2040.0,10,best_over_runs,4,320,90.9375011920929,47.11147237662226,0.14722335117694457,9.422294475324453,617.6839507123913,2031.0830078125,2039.973876953125,104807.1328125,103204.0,0.0,11.403175354003906,86.2500011920929,0.0
2026-03-26T13:45:25,linf/init1/convnext_small_linf_2_init1,/mnt/data/robustness_models/madry/linf/init1/convnext_small_linf_2_init1.pth.tar,state_dict_ema,raw_grad_step,,16.0,2040.0,10,best_over_runs,4,320,75.62500238418579,47.047789498232305,0.14702434218197596,9.409557899646462,514.3706223190082,1974.0887451171875,2040.00244140625,82128.15625,70611.0,1.2500000186264515,9.842660903930664,86.2500011920929,16.875000298023224
2026-03-26T13:46:13,linf/init1/convnext_small_linf_2_init1,/mnt/data/robustness_models/madry/linf/init1/convnext_small_linf_2_init1.pth.tar,state_dict_ema,l1_apgd_topk,0.01,16.0,2040.0,10,best_over_runs,4,320,71.875,47.2611447442323,0.14769107732572592,9.452228948846459,486.65769998740666,750.8309326171875,846.8980712890625,1493.659423828125,1505.0,0.0,4.095279216766357,86.2500011920929,21.250000596046448
2026-03-26T13:47:00,linf/init1/convnext_small_linf_2_init1,/mnt/data/robustness_models/madry/linf/init1/convnext_small_linf_2_init1.pth.tar,state_dict_ema,l1_apgd_topk,0.05,16.0,2040.0,10,best_over_runs,4,320,95.6250011920929,47.31024030037224,0.14784450093866325,9.462048060074448,646.7944400026428,1847.005126953125,1933.7344970703125,6750.34375,6615.0,0.0,9.86921215057373,86.2500011920929,0.0
2026-03-26T13:47:48,linf/init1/convnext_small_linf_2_init1,/mnt/data/robustness_models/madry/linf/init1/convnext_small_linf_2_init1.pth.tar,state_dict_ema,l1_apgd_topk,0.1,16.0,2040.0,10,best_over_runs,4,320,96.5624988079071,47.31697670929134,0.14786555221653544,9.463395341858268,653.0425603557768,1960.7269287109375,2021.740234375,12980.0224609375,12870.0,0.0,11.300819396972656,86.2500011920929,0.0
2026-03-26T13:47:59,linf/init1/convnext_small_linf_2_init1,/mnt/data/robustness_models/madry/linf/init1/convnext_small_linf_2_init1.pth.tar,state_dict_ema,fw_onehot,,16.0,2040.0,10,best_over_runs,1,320,2.812500111758709,11.672526437789202,0.036476645118091254,2.3345052875578403,77.10413341614573,1.2153912782669067,3.2612597942352295,4.318749904632568,4.0,nan,0.7246624231338501,86.2500011920929,84.0624988079071
