model_name,arch,init,protocol,init_mode,epoch_variant,dependency_model_name,threat_norm,threat_eps,priority,notes,model,model.experiment_name,model.experiment_num,model.v1_noise_mode,model.compile_model,output_dir,training.epochs,training.batch_size,attacks.advtrain,attacks.attack_criterion,attacks.attack_norm,attacks.attack_domain,attacks.attack_eps,attacks.v1_attack_eps,attacks.gradnorm,attacks.gradnorm_penalty_norm,dataset.dvd.enabled,dataset.dvd.variant,continuation.enabled,continuation.use_ema,checkpointing.save_best_adv,epsilon_schedule.enabled,epsilon_schedule.type,epsilon_schedule.source_epsilon,epsilon_schedule.target_epsilon,epsilon_schedule.warmup_epochs,epsilon_schedule.ramp_start_epoch,epsilon_schedule.ramp_end_epoch,epsilon_schedule.fixed_start_epoch
convnext_base_baseline_init0,convnext_base,0,baseline,scratch,,,,,0,clean baseline (no adv),convnext_base,convnext_base_baseline_init0,0,,,results/models,150,512,False,,,,,,,,,,,,,,,,,,,,
convnext_base_dvd_b_baseline_init0,convnext_base,0,dvd_b_baseline,scratch,,,,,1,"DVD-B augmentation, no adv",convnext_base,convnext_base_dvd_b_baseline_init0,0,,,results/models,200,512,False,,,,,,,,true,dvd-b,,,,,,,,,,,
convnext_base_l1_1_init0,convnext_base,0,madry,scratch,,,l1,1,2,madry l1 eps1 scratch,convnext_base,convnext_base_l1_1_init0,0,,True,results/models,150,512,True,madry,l1,,1,,,,,,,,true,,,,,,,,
convnext_base_l1_2_init0,convnext_base,0,madry,scratch,,,l1,2,3,madry l1 eps2 scratch,convnext_base,convnext_base_l1_2_init0,0,,True,results/models,150,512,True,madry,l1,,2,,,,,,,,true,,,,,,,,
convnext_base_l1_4_init0,convnext_base,0,madry,scratch,,,l1,4,4,madry l1 eps4 scratch,convnext_base,convnext_base_l1_4_init0,0,,True,results/models,150,512,True,madry,l1,,4,,,,,,,,true,,,,,,,,
convnext_base_l1_cont4to6_init0,convnext_base,0,madry,continuation,,convnext_base_l1_4_init0,l1,6,5,cont 4->6 from convnext_base_l1_4_init0 (continuation),convnext_base,convnext_base_l1_cont4to6_init0,0,,True,results/models,40,512,True,madry,l1,,6,,,,,,true,true,true,true,warmup_ramp_fixed,4,6,4,5,25,26
convnext_base_l1_cont4to8_init0,convnext_base,0,madry,continuation,,convnext_base_l1_4_init0,l1,8,6,cont 4->8 from convnext_base_l1_4_init0 (continuation),convnext_base,convnext_base_l1_cont4to8_init0,0,,True,results/models,40,512,True,madry,l1,,8,,,,,,true,true,true,true,warmup_ramp_fixed,4,8,4,5,25,26
convnext_base_l1_cont8to12_init0,convnext_base,0,madry,continuation,,convnext_base_l1_cont4to8_init0,l1,12,7,cont 8->12 from convnext_base_l1_cont4to8_init0 (continuation),convnext_base,convnext_base_l1_cont8to12_init0,0,,True,results/models,50,512,True,madry,l1,,12,,,,,,true,true,true,true,warmup_ramp_fixed,8,12,4,5,35,36
convnext_base_l2_1_init0,convnext_base,0,madry,scratch,,,l2,1,8,madry l2 eps1 scratch,convnext_base,convnext_base_l2_1_init0,0,,True,results/models,150,512,True,madry,l2,,1,,,,,,,,true,,,,,,,,
convnext_base_l2_2_init0,convnext_base,0,madry,scratch,,,l2,2,9,madry l2 eps2 scratch,convnext_base,convnext_base_l2_2_init0,0,,True,results/models,150,512,True,madry,l2,,2,,,,,,,,true,,,,,,,,
convnext_base_l2_4_init0,convnext_base,0,madry,scratch,,,l2,4,10,madry l2 eps4 scratch,convnext_base,convnext_base_l2_4_init0,0,,True,results/models,150,512,True,madry,l2,,4,,,,,,,,true,,,,,,,,
convnext_base_l2_cont4to6_init0,convnext_base,0,madry,continuation,,convnext_base_l2_4_init0,l2,6,11,cont 4->6 from convnext_base_l2_4_init0 (continuation),convnext_base,convnext_base_l2_cont4to6_init0,0,,True,results/models,40,512,True,madry,l2,,6,,,,,,true,true,true,true,warmup_ramp_fixed,4,6,4,5,25,26
convnext_base_l2_cont4to8_init0,convnext_base,0,madry,continuation,,convnext_base_l2_4_init0,l2,8,12,cont 4->8 from convnext_base_l2_4_init0 (continuation),convnext_base,convnext_base_l2_cont4to8_init0,0,,True,results/models,40,512,True,madry,l2,,8,,,,,,true,true,true,true,warmup_ramp_fixed,4,8,4,5,25,26
convnext_base_l2_cont8to12_init0,convnext_base,0,madry,continuation,,convnext_base_l2_cont4to8_init0,l2,12,13,cont 8->12 from convnext_base_l2_cont4to8_init0 (continuation),convnext_base,convnext_base_l2_cont8to12_init0,0,,True,results/models,50,512,True,madry,l2,,12,,,,,,true,true,true,true,warmup_ramp_fixed,8,12,4,5,35,36
convnext_base_linf_1_init0,convnext_base,0,madry,scratch,,,linf,1,14,madry linf eps1 scratch,convnext_base,convnext_base_linf_1_init0,0,,True,results/models,150,512,True,madry,linf,,1,,,,,,,,true,,,,,,,,
convnext_base_linf_2_init0,convnext_base,0,madry,scratch,,,linf,2,15,madry linf eps2 scratch,convnext_base,convnext_base_linf_2_init0,0,,True,results/models,150,512,True,madry,linf,,2,,,,,,,,true,,,,,,,,
convnext_base_linf_4_init0,convnext_base,0,madry,scratch,,,linf,4,16,madry linf eps4 scratch,convnext_base,convnext_base_linf_4_init0,0,,True,results/models,150,512,True,madry,linf,,4,,,,,,,,true,,,,,,,,
convnext_base_linf_cont4to6_init0,convnext_base,0,madry,continuation,,convnext_base_linf_4_init0,linf,6,17,cont 4->6 from convnext_base_linf_4_init0 (continuation),convnext_base,convnext_base_linf_cont4to6_init0,0,,True,results/models,40,512,True,madry,linf,,6,,,,,,true,true,true,true,warmup_ramp_fixed,4,6,4,5,25,26
convnext_base_linf_cont4to8_init0,convnext_base,0,madry,continuation,,convnext_base_linf_4_init0,linf,8,18,cont 4->8 from convnext_base_linf_4_init0 (continuation),convnext_base,convnext_base_linf_cont4to8_init0,0,,True,results/models,40,512,True,madry,linf,,8,,,,,,true,true,true,true,warmup_ramp_fixed,4,8,4,5,25,26
convnext_base_linf_cont8to12_init0,convnext_base,0,madry,continuation,,convnext_base_linf_cont4to8_init0,linf,12,19,cont 8->12 from convnext_base_linf_cont4to8_init0 (continuation),convnext_base,convnext_base_linf_cont8to12_init0,0,,True,results/models,50,512,True,madry,linf,,12,,,,,,true,true,true,true,warmup_ramp_fixed,8,12,4,5,35,36
convnext_base_l1trades_1_init0,convnext_base,0,trades,scratch,,,l1,1,20,trades l1 eps1 scratch,convnext_base,convnext_base_l1trades_1_init0,0,,,results/models,150,256,True,trades,l1,,1,,,,,,,,true,,,,,,,,
convnext_base_l1trades_2_init0,convnext_base,0,trades,scratch,,,l1,2,21,trades l1 eps2 scratch,convnext_base,convnext_base_l1trades_2_init0,0,,,results/models,150,256,True,trades,l1,,2,,,,,,,,true,,,,,,,,
convnext_base_l1trades_4_init0,convnext_base,0,trades,scratch,,,l1,4,22,trades l1 eps4 scratch,convnext_base,convnext_base_l1trades_4_init0,0,,,results/models,150,256,True,trades,l1,,4,,,,,,,,true,,,,,,,,
convnext_base_l1trades_cont4to6_init0,convnext_base,0,trades,continuation,,convnext_base_l1trades_4_init0,l1,6,23,cont 4->6 from convnext_base_l1trades_4_init0 (continuation),convnext_base,convnext_base_l1trades_cont4to6_init0,0,,,results/models,40,256,True,trades,l1,,6,,,,,,true,true,true,true,warmup_ramp_fixed,4,6,4,5,25,26
convnext_base_l1trades_cont4to8_init0,convnext_base,0,trades,continuation,,convnext_base_l1trades_4_init0,l1,8,24,cont 4->8 from convnext_base_l1trades_4_init0 (continuation),convnext_base,convnext_base_l1trades_cont4to8_init0,0,,,results/models,40,256,True,trades,l1,,8,,,,,,true,true,true,true,warmup_ramp_fixed,4,8,4,5,25,26
convnext_base_l1trades_cont8to12_init0,convnext_base,0,trades,continuation,,convnext_base_l1trades_cont4to8_init0,l1,12,25,cont 8->12 from convnext_base_l1trades_cont4to8_init0 (continuation),convnext_base,convnext_base_l1trades_cont8to12_init0,0,,,results/models,50,256,True,trades,l1,,12,,,,,,true,true,true,true,warmup_ramp_fixed,8,12,4,5,35,36
convnext_base_l2trades_1_init0,convnext_base,0,trades,scratch,,,l2,1,26,trades l2 eps1 scratch,convnext_base,convnext_base_l2trades_1_init0,0,,,results/models,150,256,True,trades,l2,,1,,,,,,,,true,,,,,,,,
convnext_base_l2trades_2_init0,convnext_base,0,trades,scratch,,,l2,2,27,trades l2 eps2 scratch,convnext_base,convnext_base_l2trades_2_init0,0,,,results/models,150,256,True,trades,l2,,2,,,,,,,,true,,,,,,,,
convnext_base_l2trades_4_init0,convnext_base,0,trades,scratch,,,l2,4,28,trades l2 eps4 scratch,convnext_base,convnext_base_l2trades_4_init0,0,,,results/models,150,256,True,trades,l2,,4,,,,,,,,true,,,,,,,,
convnext_base_l2trades_cont4to6_init0,convnext_base,0,trades,continuation,,convnext_base_l2trades_4_init0,l2,6,29,cont 4->6 from convnext_base_l2trades_4_init0 (continuation),convnext_base,convnext_base_l2trades_cont4to6_init0,0,,,results/models,40,256,True,trades,l2,,6,,,,,,true,true,true,true,warmup_ramp_fixed,4,6,4,5,25,26
convnext_base_l2trades_cont4to8_init0,convnext_base,0,trades,continuation,,convnext_base_l2trades_4_init0,l2,8,30,cont 4->8 from convnext_base_l2trades_4_init0 (continuation),convnext_base,convnext_base_l2trades_cont4to8_init0,0,,,results/models,40,256,True,trades,l2,,8,,,,,,true,true,true,true,warmup_ramp_fixed,4,8,4,5,25,26
convnext_base_l2trades_cont8to12_init0,convnext_base,0,trades,continuation,,convnext_base_l2trades_cont4to8_init0,l2,12,31,cont 8->12 from convnext_base_l2trades_cont4to8_init0 (continuation),convnext_base,convnext_base_l2trades_cont8to12_init0,0,,,results/models,50,256,True,trades,l2,,12,,,,,,true,true,true,true,warmup_ramp_fixed,8,12,4,5,35,36
convnext_base_linftrades_1_init0,convnext_base,0,trades,scratch,,,linf,1,32,trades linf eps1 scratch,convnext_base,convnext_base_linftrades_1_init0,0,,,results/models,150,256,True,trades,linf,,1,,,,,,,,true,,,,,,,,
convnext_base_linftrades_2_init0,convnext_base,0,trades,scratch,,,linf,2,33,trades linf eps2 scratch,convnext_base,convnext_base_linftrades_2_init0,0,,,results/models,150,256,True,trades,linf,,2,,,,,,,,true,,,,,,,,
convnext_base_linftrades_4_init0,convnext_base,0,trades,scratch,,,linf,4,34,trades linf eps4 scratch,convnext_base,convnext_base_linftrades_4_init0,0,,,results/models,150,256,True,trades,linf,,4,,,,,,,,true,,,,,,,,
convnext_base_linftrades_cont4to6_init0,convnext_base,0,trades,continuation,,convnext_base_linftrades_4_init0,linf,6,35,cont 4->6 from convnext_base_linftrades_4_init0 (continuation),convnext_base,convnext_base_linftrades_cont4to6_init0,0,,,results/models,40,256,True,trades,linf,,6,,,,,,true,true,true,true,warmup_ramp_fixed,4,6,4,5,25,26
convnext_base_linftrades_cont4to8_init0,convnext_base,0,trades,continuation,,convnext_base_linftrades_4_init0,linf,8,36,cont 4->8 from convnext_base_linftrades_4_init0 (continuation),convnext_base,convnext_base_linftrades_cont4to8_init0,0,,,results/models,40,256,True,trades,linf,,8,,,,,,true,true,true,true,warmup_ramp_fixed,4,8,4,5,25,26
convnext_base_linftrades_cont8to12_init0,convnext_base,0,trades,continuation,,convnext_base_linftrades_cont4to8_init0,linf,12,37,cont 8->12 from convnext_base_linftrades_cont4to8_init0 (continuation),convnext_base,convnext_base_linftrades_cont8to12_init0,0,,,results/models,50,256,True,trades,linf,,12,,,,,,true,true,true,true,warmup_ramp_fixed,8,12,4,5,35,36
convnext_base_dvd_b_l1_1_init0,convnext_base,0,madry,scratch,,,l1,1,38,madry+dvd_b l1 eps1 scratch,convnext_base,convnext_base_dvd_b_l1_1_init0,0,,True,results/models,200,512,True,madry,l1,,1,,,,true,dvd-b,,,true,,,,,,,,
convnext_base_dvd_b_l1_2_init0,convnext_base,0,madry,scratch,,,l1,2,39,madry+dvd_b l1 eps2 scratch,convnext_base,convnext_base_dvd_b_l1_2_init0,0,,True,results/models,200,512,True,madry,l1,,2,,,,true,dvd-b,,,true,,,,,,,,
convnext_base_dvd_b_l1_4_init0,convnext_base,0,madry,scratch,,,l1,4,40,madry+dvd_b l1 eps4 scratch,convnext_base,convnext_base_dvd_b_l1_4_init0,0,,True,results/models,200,512,True,madry,l1,,4,,,,true,dvd-b,,,true,,,,,,,,
convnext_base_dvd_b_l1_cont4to6_init0_resetepoch,convnext_base,0,madry,continuation,resetepoch,convnext_base_dvd_b_l1_4_init0,l1,6,41,cont 4->6 from convnext_base_dvd_b_l1_4_init0 (continuation),convnext_base,convnext_base_dvd_b_l1_cont4to6_init0_resetepoch,0,,True,results/models,40,512,True,madry,l1,,6,,,,true,dvd-b,true,true,true,true,warmup_ramp_fixed,4,6,4,5,25,26
convnext_base_dvd_b_l1_cont4to8_init0_resetepoch,convnext_base,0,madry,continuation,resetepoch,convnext_base_dvd_b_l1_4_init0,l1,8,42,cont 4->8 from convnext_base_dvd_b_l1_4_init0 (continuation),convnext_base,convnext_base_dvd_b_l1_cont4to8_init0_resetepoch,0,,True,results/models,40,512,True,madry,l1,,8,,,,true,dvd-b,true,true,true,true,warmup_ramp_fixed,4,8,4,5,25,26
convnext_base_dvd_b_l1_cont8to12_init0_resetepoch,convnext_base,0,madry,continuation,resetepoch,convnext_base_dvd_b_l1_cont4to8_init0_resetepoch,l1,12,43,cont 8->12 from convnext_base_dvd_b_l1_cont4to8_init0_resetepoch (continuation),convnext_base,convnext_base_dvd_b_l1_cont8to12_init0_resetepoch,0,,True,results/models,50,512,True,madry,l1,,12,,,,true,dvd-b,true,true,true,true,warmup_ramp_fixed,8,12,4,5,35,36
convnext_base_dvd_b_l1_cont4to6_init0_contepoch,convnext_base,0,madry,resume,contepoch,convnext_base_dvd_b_l1_4_init0,l1,6,44,cont 4->6 from convnext_base_dvd_b_l1_4_init0 (resume),convnext_base,convnext_base_dvd_b_l1_cont4to6_init0_contepoch,0,,True,results/models,240,512,True,madry,l1,,6,,,,true,dvd-b,,true,true,true,warmup_ramp_fixed,4,6,204,205,225,226
convnext_base_dvd_b_l1_cont4to8_init0_contepoch,convnext_base,0,madry,resume,contepoch,convnext_base_dvd_b_l1_4_init0,l1,8,45,cont 4->8 from convnext_base_dvd_b_l1_4_init0 (resume),convnext_base,convnext_base_dvd_b_l1_cont4to8_init0_contepoch,0,,True,results/models,240,512,True,madry,l1,,8,,,,true,dvd-b,,true,true,true,warmup_ramp_fixed,4,8,204,205,225,226
convnext_base_dvd_b_l1_cont8to12_init0_contepoch,convnext_base,0,madry,resume,contepoch,convnext_base_dvd_b_l1_cont4to8_init0_contepoch,l1,12,46,cont 8->12 from convnext_base_dvd_b_l1_cont4to8_init0_contepoch (resume),convnext_base,convnext_base_dvd_b_l1_cont8to12_init0_contepoch,0,,True,results/models,290,512,True,madry,l1,,12,,,,true,dvd-b,,true,true,true,warmup_ramp_fixed,8,12,244,245,275,276
convnext_base_dvd_b_l2_1_init0,convnext_base,0,madry,scratch,,,l2,1,47,madry+dvd_b l2 eps1 scratch,convnext_base,convnext_base_dvd_b_l2_1_init0,0,,True,results/models,200,512,True,madry,l2,,1,,,,true,dvd-b,,,true,,,,,,,,
convnext_base_dvd_b_l2_2_init0,convnext_base,0,madry,scratch,,,l2,2,48,madry+dvd_b l2 eps2 scratch,convnext_base,convnext_base_dvd_b_l2_2_init0,0,,True,results/models,200,512,True,madry,l2,,2,,,,true,dvd-b,,,true,,,,,,,,
convnext_base_dvd_b_l2_4_init0,convnext_base,0,madry,scratch,,,l2,4,49,madry+dvd_b l2 eps4 scratch,convnext_base,convnext_base_dvd_b_l2_4_init0,0,,True,results/models,200,512,True,madry,l2,,4,,,,true,dvd-b,,,true,,,,,,,,
convnext_base_dvd_b_l2_cont4to6_init0_resetepoch,convnext_base,0,madry,continuation,resetepoch,convnext_base_dvd_b_l2_4_init0,l2,6,50,cont 4->6 from convnext_base_dvd_b_l2_4_init0 (continuation),convnext_base,convnext_base_dvd_b_l2_cont4to6_init0_resetepoch,0,,True,results/models,40,512,True,madry,l2,,6,,,,true,dvd-b,true,true,true,true,warmup_ramp_fixed,4,6,4,5,25,26
convnext_base_dvd_b_l2_cont4to8_init0_resetepoch,convnext_base,0,madry,continuation,resetepoch,convnext_base_dvd_b_l2_4_init0,l2,8,51,cont 4->8 from convnext_base_dvd_b_l2_4_init0 (continuation),convnext_base,convnext_base_dvd_b_l2_cont4to8_init0_resetepoch,0,,True,results/models,40,512,True,madry,l2,,8,,,,true,dvd-b,true,true,true,true,warmup_ramp_fixed,4,8,4,5,25,26
convnext_base_dvd_b_l2_cont8to12_init0_resetepoch,convnext_base,0,madry,continuation,resetepoch,convnext_base_dvd_b_l2_cont4to8_init0_resetepoch,l2,12,52,cont 8->12 from convnext_base_dvd_b_l2_cont4to8_init0_resetepoch (continuation),convnext_base,convnext_base_dvd_b_l2_cont8to12_init0_resetepoch,0,,True,results/models,50,512,True,madry,l2,,12,,,,true,dvd-b,true,true,true,true,warmup_ramp_fixed,8,12,4,5,35,36
convnext_base_dvd_b_l2_cont4to6_init0_contepoch,convnext_base,0,madry,resume,contepoch,convnext_base_dvd_b_l2_4_init0,l2,6,53,cont 4->6 from convnext_base_dvd_b_l2_4_init0 (resume),convnext_base,convnext_base_dvd_b_l2_cont4to6_init0_contepoch,0,,True,results/models,240,512,True,madry,l2,,6,,,,true,dvd-b,,true,true,true,warmup_ramp_fixed,4,6,204,205,225,226
convnext_base_dvd_b_l2_cont4to8_init0_contepoch,convnext_base,0,madry,resume,contepoch,convnext_base_dvd_b_l2_4_init0,l2,8,54,cont 4->8 from convnext_base_dvd_b_l2_4_init0 (resume),convnext_base,convnext_base_dvd_b_l2_cont4to8_init0_contepoch,0,,True,results/models,240,512,True,madry,l2,,8,,,,true,dvd-b,,true,true,true,warmup_ramp_fixed,4,8,204,205,225,226
convnext_base_dvd_b_l2_cont8to12_init0_contepoch,convnext_base,0,madry,resume,contepoch,convnext_base_dvd_b_l2_cont4to8_init0_contepoch,l2,12,55,cont 8->12 from convnext_base_dvd_b_l2_cont4to8_init0_contepoch (resume),convnext_base,convnext_base_dvd_b_l2_cont8to12_init0_contepoch,0,,True,results/models,290,512,True,madry,l2,,12,,,,true,dvd-b,,true,true,true,warmup_ramp_fixed,8,12,244,245,275,276
convnext_base_dvd_b_linf_1_init0,convnext_base,0,madry,scratch,,,linf,1,56,madry+dvd_b linf eps1 scratch,convnext_base,convnext_base_dvd_b_linf_1_init0,0,,True,results/models,200,512,True,madry,linf,,1,,,,true,dvd-b,,,true,,,,,,,,
convnext_base_dvd_b_linf_2_init0,convnext_base,0,madry,scratch,,,linf,2,57,madry+dvd_b linf eps2 scratch,convnext_base,convnext_base_dvd_b_linf_2_init0,0,,True,results/models,200,512,True,madry,linf,,2,,,,true,dvd-b,,,true,,,,,,,,
convnext_base_dvd_b_linf_4_init0,convnext_base,0,madry,scratch,,,linf,4,58,madry+dvd_b linf eps4 scratch,convnext_base,convnext_base_dvd_b_linf_4_init0,0,,True,results/models,200,512,True,madry,linf,,4,,,,true,dvd-b,,,true,,,,,,,,
convnext_base_dvd_b_linf_cont4to6_init0_resetepoch,convnext_base,0,madry,continuation,resetepoch,convnext_base_dvd_b_linf_4_init0,linf,6,59,cont 4->6 from convnext_base_dvd_b_linf_4_init0 (continuation),convnext_base,convnext_base_dvd_b_linf_cont4to6_init0_resetepoch,0,,True,results/models,40,512,True,madry,linf,,6,,,,true,dvd-b,true,true,true,true,warmup_ramp_fixed,4,6,4,5,25,26
convnext_base_dvd_b_linf_cont4to8_init0_resetepoch,convnext_base,0,madry,continuation,resetepoch,convnext_base_dvd_b_linf_4_init0,linf,8,60,cont 4->8 from convnext_base_dvd_b_linf_4_init0 (continuation),convnext_base,convnext_base_dvd_b_linf_cont4to8_init0_resetepoch,0,,True,results/models,40,512,True,madry,linf,,8,,,,true,dvd-b,true,true,true,true,warmup_ramp_fixed,4,8,4,5,25,26
convnext_base_dvd_b_linf_cont8to12_init0_resetepoch,convnext_base,0,madry,continuation,resetepoch,convnext_base_dvd_b_linf_cont4to8_init0_resetepoch,linf,12,61,cont 8->12 from convnext_base_dvd_b_linf_cont4to8_init0_resetepoch (continuation),convnext_base,convnext_base_dvd_b_linf_cont8to12_init0_resetepoch,0,,True,results/models,50,512,True,madry,linf,,12,,,,true,dvd-b,true,true,true,true,warmup_ramp_fixed,8,12,4,5,35,36
convnext_base_dvd_b_linf_cont4to6_init0_contepoch,convnext_base,0,madry,resume,contepoch,convnext_base_dvd_b_linf_4_init0,linf,6,62,cont 4->6 from convnext_base_dvd_b_linf_4_init0 (resume),convnext_base,convnext_base_dvd_b_linf_cont4to6_init0_contepoch,0,,True,results/models,240,512,True,madry,linf,,6,,,,true,dvd-b,,true,true,true,warmup_ramp_fixed,4,6,204,205,225,226
convnext_base_dvd_b_linf_cont4to8_init0_contepoch,convnext_base,0,madry,resume,contepoch,convnext_base_dvd_b_linf_4_init0,linf,8,63,cont 4->8 from convnext_base_dvd_b_linf_4_init0 (resume),convnext_base,convnext_base_dvd_b_linf_cont4to8_init0_contepoch,0,,True,results/models,240,512,True,madry,linf,,8,,,,true,dvd-b,,true,true,true,warmup_ramp_fixed,4,8,204,205,225,226
convnext_base_dvd_b_linf_cont8to12_init0_contepoch,convnext_base,0,madry,resume,contepoch,convnext_base_dvd_b_linf_cont4to8_init0_contepoch,linf,12,64,cont 8->12 from convnext_base_dvd_b_linf_cont4to8_init0_contepoch (resume),convnext_base,convnext_base_dvd_b_linf_cont8to12_init0_contepoch,0,,True,results/models,290,512,True,madry,linf,,12,,,,true,dvd-b,,true,true,true,warmup_ramp_fixed,8,12,244,245,275,276
convnext_base_dvd_b_l1trades_1_init0,convnext_base,0,trades,scratch,,,l1,1,65,trades+dvd_b l1 eps1 scratch,convnext_base,convnext_base_dvd_b_l1trades_1_init0,0,,,results/models,200,256,True,trades,l1,,1,,,,true,dvd-b,,,true,,,,,,,,
convnext_base_dvd_b_l1trades_2_init0,convnext_base,0,trades,scratch,,,l1,2,66,trades+dvd_b l1 eps2 scratch,convnext_base,convnext_base_dvd_b_l1trades_2_init0,0,,,results/models,200,256,True,trades,l1,,2,,,,true,dvd-b,,,true,,,,,,,,
convnext_base_dvd_b_l1trades_4_init0,convnext_base,0,trades,scratch,,,l1,4,67,trades+dvd_b l1 eps4 scratch,convnext_base,convnext_base_dvd_b_l1trades_4_init0,0,,,results/models,200,256,True,trades,l1,,4,,,,true,dvd-b,,,true,,,,,,,,
convnext_base_dvd_b_l1trades_cont4to6_init0_resetepoch,convnext_base,0,trades,continuation,resetepoch,convnext_base_dvd_b_l1trades_4_init0,l1,6,68,cont 4->6 from convnext_base_dvd_b_l1trades_4_init0 (continuation),convnext_base,convnext_base_dvd_b_l1trades_cont4to6_init0_resetepoch,0,,,results/models,40,256,True,trades,l1,,6,,,,true,dvd-b,true,true,true,true,warmup_ramp_fixed,4,6,4,5,25,26
convnext_base_dvd_b_l1trades_cont4to8_init0_resetepoch,convnext_base,0,trades,continuation,resetepoch,convnext_base_dvd_b_l1trades_4_init0,l1,8,69,cont 4->8 from convnext_base_dvd_b_l1trades_4_init0 (continuation),convnext_base,convnext_base_dvd_b_l1trades_cont4to8_init0_resetepoch,0,,,results/models,40,256,True,trades,l1,,8,,,,true,dvd-b,true,true,true,true,warmup_ramp_fixed,4,8,4,5,25,26
convnext_base_dvd_b_l1trades_cont8to12_init0_resetepoch,convnext_base,0,trades,continuation,resetepoch,convnext_base_dvd_b_l1trades_cont4to8_init0_resetepoch,l1,12,70,cont 8->12 from convnext_base_dvd_b_l1trades_cont4to8_init0_resetepoch (continuation),convnext_base,convnext_base_dvd_b_l1trades_cont8to12_init0_resetepoch,0,,,results/models,50,256,True,trades,l1,,12,,,,true,dvd-b,true,true,true,true,warmup_ramp_fixed,8,12,4,5,35,36
convnext_base_dvd_b_l1trades_cont4to6_init0_contepoch,convnext_base,0,trades,resume,contepoch,convnext_base_dvd_b_l1trades_4_init0,l1,6,71,cont 4->6 from convnext_base_dvd_b_l1trades_4_init0 (resume),convnext_base,convnext_base_dvd_b_l1trades_cont4to6_init0_contepoch,0,,,results/models,240,256,True,trades,l1,,6,,,,true,dvd-b,,true,true,true,warmup_ramp_fixed,4,6,204,205,225,226
convnext_base_dvd_b_l1trades_cont4to8_init0_contepoch,convnext_base,0,trades,resume,contepoch,convnext_base_dvd_b_l1trades_4_init0,l1,8,72,cont 4->8 from convnext_base_dvd_b_l1trades_4_init0 (resume),convnext_base,convnext_base_dvd_b_l1trades_cont4to8_init0_contepoch,0,,,results/models,240,256,True,trades,l1,,8,,,,true,dvd-b,,true,true,true,warmup_ramp_fixed,4,8,204,205,225,226
convnext_base_dvd_b_l1trades_cont8to12_init0_contepoch,convnext_base,0,trades,resume,contepoch,convnext_base_dvd_b_l1trades_cont4to8_init0_contepoch,l1,12,73,cont 8->12 from convnext_base_dvd_b_l1trades_cont4to8_init0_contepoch (resume),convnext_base,convnext_base_dvd_b_l1trades_cont8to12_init0_contepoch,0,,,results/models,290,256,True,trades,l1,,12,,,,true,dvd-b,,true,true,true,warmup_ramp_fixed,8,12,244,245,275,276
convnext_base_dvd_b_l2trades_1_init0,convnext_base,0,trades,scratch,,,l2,1,74,trades+dvd_b l2 eps1 scratch,convnext_base,convnext_base_dvd_b_l2trades_1_init0,0,,,results/models,200,256,True,trades,l2,,1,,,,true,dvd-b,,,true,,,,,,,,
convnext_base_dvd_b_l2trades_2_init0,convnext_base,0,trades,scratch,,,l2,2,75,trades+dvd_b l2 eps2 scratch,convnext_base,convnext_base_dvd_b_l2trades_2_init0,0,,,results/models,200,256,True,trades,l2,,2,,,,true,dvd-b,,,true,,,,,,,,
convnext_base_dvd_b_l2trades_4_init0,convnext_base,0,trades,scratch,,,l2,4,76,trades+dvd_b l2 eps4 scratch,convnext_base,convnext_base_dvd_b_l2trades_4_init0,0,,,results/models,200,256,True,trades,l2,,4,,,,true,dvd-b,,,true,,,,,,,,
convnext_base_dvd_b_l2trades_cont4to6_init0_resetepoch,convnext_base,0,trades,continuation,resetepoch,convnext_base_dvd_b_l2trades_4_init0,l2,6,77,cont 4->6 from convnext_base_dvd_b_l2trades_4_init0 (continuation),convnext_base,convnext_base_dvd_b_l2trades_cont4to6_init0_resetepoch,0,,,results/models,40,256,True,trades,l2,,6,,,,true,dvd-b,true,true,true,true,warmup_ramp_fixed,4,6,4,5,25,26
convnext_base_dvd_b_l2trades_cont4to8_init0_resetepoch,convnext_base,0,trades,continuation,resetepoch,convnext_base_dvd_b_l2trades_4_init0,l2,8,78,cont 4->8 from convnext_base_dvd_b_l2trades_4_init0 (continuation),convnext_base,convnext_base_dvd_b_l2trades_cont4to8_init0_resetepoch,0,,,results/models,40,256,True,trades,l2,,8,,,,true,dvd-b,true,true,true,true,warmup_ramp_fixed,4,8,4,5,25,26
convnext_base_dvd_b_l2trades_cont8to12_init0_resetepoch,convnext_base,0,trades,continuation,resetepoch,convnext_base_dvd_b_l2trades_cont4to8_init0_resetepoch,l2,12,79,cont 8->12 from convnext_base_dvd_b_l2trades_cont4to8_init0_resetepoch (continuation),convnext_base,convnext_base_dvd_b_l2trades_cont8to12_init0_resetepoch,0,,,results/models,50,256,True,trades,l2,,12,,,,true,dvd-b,true,true,true,true,warmup_ramp_fixed,8,12,4,5,35,36
convnext_base_dvd_b_l2trades_cont4to6_init0_contepoch,convnext_base,0,trades,resume,contepoch,convnext_base_dvd_b_l2trades_4_init0,l2,6,80,cont 4->6 from convnext_base_dvd_b_l2trades_4_init0 (resume),convnext_base,convnext_base_dvd_b_l2trades_cont4to6_init0_contepoch,0,,,results/models,240,256,True,trades,l2,,6,,,,true,dvd-b,,true,true,true,warmup_ramp_fixed,4,6,204,205,225,226
convnext_base_dvd_b_l2trades_cont4to8_init0_contepoch,convnext_base,0,trades,resume,contepoch,convnext_base_dvd_b_l2trades_4_init0,l2,8,81,cont 4->8 from convnext_base_dvd_b_l2trades_4_init0 (resume),convnext_base,convnext_base_dvd_b_l2trades_cont4to8_init0_contepoch,0,,,results/models,240,256,True,trades,l2,,8,,,,true,dvd-b,,true,true,true,warmup_ramp_fixed,4,8,204,205,225,226
convnext_base_dvd_b_l2trades_cont8to12_init0_contepoch,convnext_base,0,trades,resume,contepoch,convnext_base_dvd_b_l2trades_cont4to8_init0_contepoch,l2,12,82,cont 8->12 from convnext_base_dvd_b_l2trades_cont4to8_init0_contepoch (resume),convnext_base,convnext_base_dvd_b_l2trades_cont8to12_init0_contepoch,0,,,results/models,290,256,True,trades,l2,,12,,,,true,dvd-b,,true,true,true,warmup_ramp_fixed,8,12,244,245,275,276
convnext_base_dvd_b_linftrades_1_init0,convnext_base,0,trades,scratch,,,linf,1,83,trades+dvd_b linf eps1 scratch,convnext_base,convnext_base_dvd_b_linftrades_1_init0,0,,,results/models,200,256,True,trades,linf,,1,,,,true,dvd-b,,,true,,,,,,,,
convnext_base_dvd_b_linftrades_2_init0,convnext_base,0,trades,scratch,,,linf,2,84,trades+dvd_b linf eps2 scratch,convnext_base,convnext_base_dvd_b_linftrades_2_init0,0,,,results/models,200,256,True,trades,linf,,2,,,,true,dvd-b,,,true,,,,,,,,
convnext_base_dvd_b_linftrades_4_init0,convnext_base,0,trades,scratch,,,linf,4,85,trades+dvd_b linf eps4 scratch,convnext_base,convnext_base_dvd_b_linftrades_4_init0,0,,,results/models,200,256,True,trades,linf,,4,,,,true,dvd-b,,,true,,,,,,,,
convnext_base_dvd_b_linftrades_cont4to6_init0_resetepoch,convnext_base,0,trades,continuation,resetepoch,convnext_base_dvd_b_linftrades_4_init0,linf,6,86,cont 4->6 from convnext_base_dvd_b_linftrades_4_init0 (continuation),convnext_base,convnext_base_dvd_b_linftrades_cont4to6_init0_resetepoch,0,,,results/models,40,256,True,trades,linf,,6,,,,true,dvd-b,true,true,true,true,warmup_ramp_fixed,4,6,4,5,25,26
convnext_base_dvd_b_linftrades_cont4to8_init0_resetepoch,convnext_base,0,trades,continuation,resetepoch,convnext_base_dvd_b_linftrades_4_init0,linf,8,87,cont 4->8 from convnext_base_dvd_b_linftrades_4_init0 (continuation),convnext_base,convnext_base_dvd_b_linftrades_cont4to8_init0_resetepoch,0,,,results/models,40,256,True,trades,linf,,8,,,,true,dvd-b,true,true,true,true,warmup_ramp_fixed,4,8,4,5,25,26
convnext_base_dvd_b_linftrades_cont8to12_init0_resetepoch,convnext_base,0,trades,continuation,resetepoch,convnext_base_dvd_b_linftrades_cont4to8_init0_resetepoch,linf,12,88,cont 8->12 from convnext_base_dvd_b_linftrades_cont4to8_init0_resetepoch (continuation),convnext_base,convnext_base_dvd_b_linftrades_cont8to12_init0_resetepoch,0,,,results/models,50,256,True,trades,linf,,12,,,,true,dvd-b,true,true,true,true,warmup_ramp_fixed,8,12,4,5,35,36
convnext_base_dvd_b_linftrades_cont4to6_init0_contepoch,convnext_base,0,trades,resume,contepoch,convnext_base_dvd_b_linftrades_4_init0,linf,6,89,cont 4->6 from convnext_base_dvd_b_linftrades_4_init0 (resume),convnext_base,convnext_base_dvd_b_linftrades_cont4to6_init0_contepoch,0,,,results/models,240,256,True,trades,linf,,6,,,,true,dvd-b,,true,true,true,warmup_ramp_fixed,4,6,204,205,225,226
convnext_base_dvd_b_linftrades_cont4to8_init0_contepoch,convnext_base,0,trades,resume,contepoch,convnext_base_dvd_b_linftrades_4_init0,linf,8,90,cont 4->8 from convnext_base_dvd_b_linftrades_4_init0 (resume),convnext_base,convnext_base_dvd_b_linftrades_cont4to8_init0_contepoch,0,,,results/models,240,256,True,trades,linf,,8,,,,true,dvd-b,,true,true,true,warmup_ramp_fixed,4,8,204,205,225,226
convnext_base_dvd_b_linftrades_cont8to12_init0_contepoch,convnext_base,0,trades,resume,contepoch,convnext_base_dvd_b_linftrades_cont4to8_init0_contepoch,linf,12,91,cont 8->12 from convnext_base_dvd_b_linftrades_cont4to8_init0_contepoch (resume),convnext_base,convnext_base_dvd_b_linftrades_cont8to12_init0_contepoch,0,,,results/models,290,256,True,trades,linf,,12,,,,true,dvd-b,,true,true,true,warmup_ramp_fixed,8,12,244,245,275,276
convnext_base_v1_l2_1_init0,convnext_base,0,v1,scratch,,,l2,1,92,v1 l2 eps1 scratch,convnext_base_v1,convnext_base_v1_l2_1_init0,0,null,,results/models,150,256,True,madry,l2,v1_feature,,1,,,,,,,true,,,,,,,,
convnext_base_v1_l2_2_init0,convnext_base,0,v1,scratch,,,l2,2,93,v1 l2 eps2 scratch,convnext_base_v1,convnext_base_v1_l2_2_init0,0,null,,results/models,150,256,True,madry,l2,v1_feature,,2,,,,,,,true,,,,,,,,
convnext_base_v1_l2_4_init0,convnext_base,0,v1,scratch,,,l2,4,94,v1 l2 eps4 scratch,convnext_base_v1,convnext_base_v1_l2_4_init0,0,null,,results/models,150,256,True,madry,l2,v1_feature,,4,,,,,,,true,,,,,,,,
convnext_base_v1_l2_cont4to6_init0,convnext_base,0,v1,continuation,,convnext_base_v1_l2_4_init0,l2,6,95,v1 cont 4->6 from convnext_base_v1_l2_4_init0,convnext_base_v1,convnext_base_v1_l2_cont4to6_init0,0,null,,results/models,40,256,True,madry,l2,v1_feature,,6,,,,,true,true,true,true,warmup_ramp_fixed,4,6,4,5,25,26
convnext_base_v1_l2_cont4to8_init0,convnext_base,0,v1,continuation,,convnext_base_v1_l2_4_init0,l2,8,96,v1 cont 4->8 from convnext_base_v1_l2_4_init0,convnext_base_v1,convnext_base_v1_l2_cont4to8_init0,0,null,,results/models,40,256,True,madry,l2,v1_feature,,8,,,,,true,true,true,true,warmup_ramp_fixed,4,8,4,5,25,26
convnext_base_v1_l2_cont8to12_init0,convnext_base,0,v1,continuation,,convnext_base_v1_l2_cont4to8_init0,l2,12,97,v1 cont 8->12 from convnext_base_v1_l2_cont4to8_init0,convnext_base_v1,convnext_base_v1_l2_cont8to12_init0,0,null,,results/models,50,256,True,madry,l2,v1_feature,,12,,,,,true,true,true,true,warmup_ramp_fixed,8,12,4,5,35,36
convnext_base_gradnorm_l1_1_init0,convnext_base,0,gradnorm,resume,,convnext_base_baseline_init0,linf,1,98,gradnorm l1 eps1 resume from convnext_base_baseline_init0 (150->200),convnext_base,convnext_base_gradnorm_l1_1_init0,0,,,results/models,200,256,,,,,1,,True,l1,,,,,true,,,,,,,,
convnext_base_gradnorm_l1_2_init0,convnext_base,0,gradnorm,resume,,convnext_base_baseline_init0,linf,2,99,gradnorm l1 eps2 resume from convnext_base_baseline_init0 (150->200),convnext_base,convnext_base_gradnorm_l1_2_init0,0,,,results/models,200,256,,,,,2,,True,l1,,,,,true,,,,,,,,
convnext_base_gradnorm_l1_4_init0,convnext_base,0,gradnorm,resume,,convnext_base_baseline_init0,linf,4,100,gradnorm l1 eps4 resume from convnext_base_baseline_init0 (150->200),convnext_base,convnext_base_gradnorm_l1_4_init0,0,,,results/models,200,256,,,,,4,,True,l1,,,,,true,,,,,,,,
convnext_base_gradnorm_l1_6_init0,convnext_base,0,gradnorm,resume,,convnext_base_baseline_init0,linf,6,101,gradnorm l1 eps6 resume from convnext_base_baseline_init0 (150->200),convnext_base,convnext_base_gradnorm_l1_6_init0,0,,,results/models,200,256,,,,,6,,True,l1,,,,,true,,,,,,,,
convnext_base_gradnorm_l1_8_init0,convnext_base,0,gradnorm,resume,,convnext_base_baseline_init0,linf,8,102,gradnorm l1 eps8 resume from convnext_base_baseline_init0 (150->200),convnext_base,convnext_base_gradnorm_l1_8_init0,0,,,results/models,200,256,,,,,8,,True,l1,,,,,true,,,,,,,,
convnext_base_gradnorm_l1_12_init0,convnext_base,0,gradnorm,resume,,convnext_base_baseline_init0,linf,12,103,gradnorm l1 eps12 resume from convnext_base_baseline_init0 (150->200),convnext_base,convnext_base_gradnorm_l1_12_init0,0,,,results/models,200,256,,,,,12,,True,l1,,,,,true,,,,,,,,
convnext_base_v1_clean_init0,convnext_base,0,v1_clean,scratch,,,,,104,"clean v1 (no adv, no noise)",convnext_base_v1,convnext_base_v1_clean_init0,0,null,,results/models,150,256,False,,,,,,,,,,,,,,,,,,,,
convnext_base_v1_noise_init0,convnext_base,0,v1_noise,scratch,,,,,105,"clean v1 + V1 noise (neuronal), no adv",convnext_base_v1,convnext_base_v1_noise_init0,0,neuronal,,results/models,150,256,False,,,,,,,,,,,,,,,,,,,,
convnext_base_baseline_init1,convnext_base,1,baseline,scratch,,,,,106,clean baseline (no adv),convnext_base,convnext_base_baseline_init1,1,,,results/models,150,512,False,,,,,,,,,,,,,,,,,,,,
convnext_base_dvd_b_baseline_init1,convnext_base,1,dvd_b_baseline,scratch,,,,,107,"DVD-B augmentation, no adv",convnext_base,convnext_base_dvd_b_baseline_init1,1,,,results/models,200,512,False,,,,,,,,true,dvd-b,,,,,,,,,,,
convnext_base_l1_1_init1,convnext_base,1,madry,scratch,,,l1,1,108,madry l1 eps1 scratch,convnext_base,convnext_base_l1_1_init1,1,,True,results/models,150,512,True,madry,l1,,1,,,,,,,,true,,,,,,,,
convnext_base_l1_2_init1,convnext_base,1,madry,scratch,,,l1,2,109,madry l1 eps2 scratch,convnext_base,convnext_base_l1_2_init1,1,,True,results/models,150,512,True,madry,l1,,2,,,,,,,,true,,,,,,,,
convnext_base_l1_4_init1,convnext_base,1,madry,scratch,,,l1,4,110,madry l1 eps4 scratch,convnext_base,convnext_base_l1_4_init1,1,,True,results/models,150,512,True,madry,l1,,4,,,,,,,,true,,,,,,,,
convnext_base_l1_cont4to6_init1,convnext_base,1,madry,continuation,,convnext_base_l1_4_init1,l1,6,111,cont 4->6 from convnext_base_l1_4_init1 (continuation),convnext_base,convnext_base_l1_cont4to6_init1,1,,True,results/models,40,512,True,madry,l1,,6,,,,,,true,true,true,true,warmup_ramp_fixed,4,6,4,5,25,26
convnext_base_l1_cont4to8_init1,convnext_base,1,madry,continuation,,convnext_base_l1_4_init1,l1,8,112,cont 4->8 from convnext_base_l1_4_init1 (continuation),convnext_base,convnext_base_l1_cont4to8_init1,1,,True,results/models,40,512,True,madry,l1,,8,,,,,,true,true,true,true,warmup_ramp_fixed,4,8,4,5,25,26
convnext_base_l1_cont8to12_init1,convnext_base,1,madry,continuation,,convnext_base_l1_cont4to8_init1,l1,12,113,cont 8->12 from convnext_base_l1_cont4to8_init1 (continuation),convnext_base,convnext_base_l1_cont8to12_init1,1,,True,results/models,50,512,True,madry,l1,,12,,,,,,true,true,true,true,warmup_ramp_fixed,8,12,4,5,35,36
convnext_base_l2_1_init1,convnext_base,1,madry,scratch,,,l2,1,114,madry l2 eps1 scratch,convnext_base,convnext_base_l2_1_init1,1,,True,results/models,150,512,True,madry,l2,,1,,,,,,,,true,,,,,,,,
convnext_base_l2_2_init1,convnext_base,1,madry,scratch,,,l2,2,115,madry l2 eps2 scratch,convnext_base,convnext_base_l2_2_init1,1,,True,results/models,150,512,True,madry,l2,,2,,,,,,,,true,,,,,,,,
convnext_base_l2_4_init1,convnext_base,1,madry,scratch,,,l2,4,116,madry l2 eps4 scratch,convnext_base,convnext_base_l2_4_init1,1,,True,results/models,150,512,True,madry,l2,,4,,,,,,,,true,,,,,,,,
convnext_base_l2_cont4to6_init1,convnext_base,1,madry,continuation,,convnext_base_l2_4_init1,l2,6,117,cont 4->6 from convnext_base_l2_4_init1 (continuation),convnext_base,convnext_base_l2_cont4to6_init1,1,,True,results/models,40,512,True,madry,l2,,6,,,,,,true,true,true,true,warmup_ramp_fixed,4,6,4,5,25,26
convnext_base_l2_cont4to8_init1,convnext_base,1,madry,continuation,,convnext_base_l2_4_init1,l2,8,118,cont 4->8 from convnext_base_l2_4_init1 (continuation),convnext_base,convnext_base_l2_cont4to8_init1,1,,True,results/models,40,512,True,madry,l2,,8,,,,,,true,true,true,true,warmup_ramp_fixed,4,8,4,5,25,26
convnext_base_l2_cont8to12_init1,convnext_base,1,madry,continuation,,convnext_base_l2_cont4to8_init1,l2,12,119,cont 8->12 from convnext_base_l2_cont4to8_init1 (continuation),convnext_base,convnext_base_l2_cont8to12_init1,1,,True,results/models,50,512,True,madry,l2,,12,,,,,,true,true,true,true,warmup_ramp_fixed,8,12,4,5,35,36
convnext_base_linf_1_init1,convnext_base,1,madry,scratch,,,linf,1,120,madry linf eps1 scratch,convnext_base,convnext_base_linf_1_init1,1,,True,results/models,150,512,True,madry,linf,,1,,,,,,,,true,,,,,,,,
convnext_base_linf_2_init1,convnext_base,1,madry,scratch,,,linf,2,121,madry linf eps2 scratch,convnext_base,convnext_base_linf_2_init1,1,,True,results/models,150,512,True,madry,linf,,2,,,,,,,,true,,,,,,,,
convnext_base_linf_4_init1,convnext_base,1,madry,scratch,,,linf,4,122,madry linf eps4 scratch,convnext_base,convnext_base_linf_4_init1,1,,True,results/models,150,512,True,madry,linf,,4,,,,,,,,true,,,,,,,,
convnext_base_linf_cont4to6_init1,convnext_base,1,madry,continuation,,convnext_base_linf_4_init1,linf,6,123,cont 4->6 from convnext_base_linf_4_init1 (continuation),convnext_base,convnext_base_linf_cont4to6_init1,1,,True,results/models,40,512,True,madry,linf,,6,,,,,,true,true,true,true,warmup_ramp_fixed,4,6,4,5,25,26
convnext_base_linf_cont4to8_init1,convnext_base,1,madry,continuation,,convnext_base_linf_4_init1,linf,8,124,cont 4->8 from convnext_base_linf_4_init1 (continuation),convnext_base,convnext_base_linf_cont4to8_init1,1,,True,results/models,40,512,True,madry,linf,,8,,,,,,true,true,true,true,warmup_ramp_fixed,4,8,4,5,25,26
convnext_base_linf_cont8to12_init1,convnext_base,1,madry,continuation,,convnext_base_linf_cont4to8_init1,linf,12,125,cont 8->12 from convnext_base_linf_cont4to8_init1 (continuation),convnext_base,convnext_base_linf_cont8to12_init1,1,,True,results/models,50,512,True,madry,linf,,12,,,,,,true,true,true,true,warmup_ramp_fixed,8,12,4,5,35,36
convnext_base_l1trades_1_init1,convnext_base,1,trades,scratch,,,l1,1,126,trades l1 eps1 scratch,convnext_base,convnext_base_l1trades_1_init1,1,,,results/models,150,256,True,trades,l1,,1,,,,,,,,true,,,,,,,,
convnext_base_l1trades_2_init1,convnext_base,1,trades,scratch,,,l1,2,127,trades l1 eps2 scratch,convnext_base,convnext_base_l1trades_2_init1,1,,,results/models,150,256,True,trades,l1,,2,,,,,,,,true,,,,,,,,
convnext_base_l1trades_4_init1,convnext_base,1,trades,scratch,,,l1,4,128,trades l1 eps4 scratch,convnext_base,convnext_base_l1trades_4_init1,1,,,results/models,150,256,True,trades,l1,,4,,,,,,,,true,,,,,,,,
convnext_base_l1trades_cont4to6_init1,convnext_base,1,trades,continuation,,convnext_base_l1trades_4_init1,l1,6,129,cont 4->6 from convnext_base_l1trades_4_init1 (continuation),convnext_base,convnext_base_l1trades_cont4to6_init1,1,,,results/models,40,256,True,trades,l1,,6,,,,,,true,true,true,true,warmup_ramp_fixed,4,6,4,5,25,26
convnext_base_l1trades_cont4to8_init1,convnext_base,1,trades,continuation,,convnext_base_l1trades_4_init1,l1,8,130,cont 4->8 from convnext_base_l1trades_4_init1 (continuation),convnext_base,convnext_base_l1trades_cont4to8_init1,1,,,results/models,40,256,True,trades,l1,,8,,,,,,true,true,true,true,warmup_ramp_fixed,4,8,4,5,25,26
convnext_base_l1trades_cont8to12_init1,convnext_base,1,trades,continuation,,convnext_base_l1trades_cont4to8_init1,l1,12,131,cont 8->12 from convnext_base_l1trades_cont4to8_init1 (continuation),convnext_base,convnext_base_l1trades_cont8to12_init1,1,,,results/models,50,256,True,trades,l1,,12,,,,,,true,true,true,true,warmup_ramp_fixed,8,12,4,5,35,36
convnext_base_l2trades_1_init1,convnext_base,1,trades,scratch,,,l2,1,132,trades l2 eps1 scratch,convnext_base,convnext_base_l2trades_1_init1,1,,,results/models,150,256,True,trades,l2,,1,,,,,,,,true,,,,,,,,
convnext_base_l2trades_2_init1,convnext_base,1,trades,scratch,,,l2,2,133,trades l2 eps2 scratch,convnext_base,convnext_base_l2trades_2_init1,1,,,results/models,150,256,True,trades,l2,,2,,,,,,,,true,,,,,,,,
convnext_base_l2trades_4_init1,convnext_base,1,trades,scratch,,,l2,4,134,trades l2 eps4 scratch,convnext_base,convnext_base_l2trades_4_init1,1,,,results/models,150,256,True,trades,l2,,4,,,,,,,,true,,,,,,,,
convnext_base_l2trades_cont4to6_init1,convnext_base,1,trades,continuation,,convnext_base_l2trades_4_init1,l2,6,135,cont 4->6 from convnext_base_l2trades_4_init1 (continuation),convnext_base,convnext_base_l2trades_cont4to6_init1,1,,,results/models,40,256,True,trades,l2,,6,,,,,,true,true,true,true,warmup_ramp_fixed,4,6,4,5,25,26
convnext_base_l2trades_cont4to8_init1,convnext_base,1,trades,continuation,,convnext_base_l2trades_4_init1,l2,8,136,cont 4->8 from convnext_base_l2trades_4_init1 (continuation),convnext_base,convnext_base_l2trades_cont4to8_init1,1,,,results/models,40,256,True,trades,l2,,8,,,,,,true,true,true,true,warmup_ramp_fixed,4,8,4,5,25,26
convnext_base_l2trades_cont8to12_init1,convnext_base,1,trades,continuation,,convnext_base_l2trades_cont4to8_init1,l2,12,137,cont 8->12 from convnext_base_l2trades_cont4to8_init1 (continuation),convnext_base,convnext_base_l2trades_cont8to12_init1,1,,,results/models,50,256,True,trades,l2,,12,,,,,,true,true,true,true,warmup_ramp_fixed,8,12,4,5,35,36
convnext_base_linftrades_1_init1,convnext_base,1,trades,scratch,,,linf,1,138,trades linf eps1 scratch,convnext_base,convnext_base_linftrades_1_init1,1,,,results/models,150,256,True,trades,linf,,1,,,,,,,,true,,,,,,,,
convnext_base_linftrades_2_init1,convnext_base,1,trades,scratch,,,linf,2,139,trades linf eps2 scratch,convnext_base,convnext_base_linftrades_2_init1,1,,,results/models,150,256,True,trades,linf,,2,,,,,,,,true,,,,,,,,
convnext_base_linftrades_4_init1,convnext_base,1,trades,scratch,,,linf,4,140,trades linf eps4 scratch,convnext_base,convnext_base_linftrades_4_init1,1,,,results/models,150,256,True,trades,linf,,4,,,,,,,,true,,,,,,,,
convnext_base_linftrades_cont4to6_init1,convnext_base,1,trades,continuation,,convnext_base_linftrades_4_init1,linf,6,141,cont 4->6 from convnext_base_linftrades_4_init1 (continuation),convnext_base,convnext_base_linftrades_cont4to6_init1,1,,,results/models,40,256,True,trades,linf,,6,,,,,,true,true,true,true,warmup_ramp_fixed,4,6,4,5,25,26
convnext_base_linftrades_cont4to8_init1,convnext_base,1,trades,continuation,,convnext_base_linftrades_4_init1,linf,8,142,cont 4->8 from convnext_base_linftrades_4_init1 (continuation),convnext_base,convnext_base_linftrades_cont4to8_init1,1,,,results/models,40,256,True,trades,linf,,8,,,,,,true,true,true,true,warmup_ramp_fixed,4,8,4,5,25,26
convnext_base_linftrades_cont8to12_init1,convnext_base,1,trades,continuation,,convnext_base_linftrades_cont4to8_init1,linf,12,143,cont 8->12 from convnext_base_linftrades_cont4to8_init1 (continuation),convnext_base,convnext_base_linftrades_cont8to12_init1,1,,,results/models,50,256,True,trades,linf,,12,,,,,,true,true,true,true,warmup_ramp_fixed,8,12,4,5,35,36
convnext_base_dvd_b_l1_1_init1,convnext_base,1,madry,scratch,,,l1,1,144,madry+dvd_b l1 eps1 scratch,convnext_base,convnext_base_dvd_b_l1_1_init1,1,,True,results/models,200,512,True,madry,l1,,1,,,,true,dvd-b,,,true,,,,,,,,
convnext_base_dvd_b_l1_2_init1,convnext_base,1,madry,scratch,,,l1,2,145,madry+dvd_b l1 eps2 scratch,convnext_base,convnext_base_dvd_b_l1_2_init1,1,,True,results/models,200,512,True,madry,l1,,2,,,,true,dvd-b,,,true,,,,,,,,
convnext_base_dvd_b_l1_4_init1,convnext_base,1,madry,scratch,,,l1,4,146,madry+dvd_b l1 eps4 scratch,convnext_base,convnext_base_dvd_b_l1_4_init1,1,,True,results/models,200,512,True,madry,l1,,4,,,,true,dvd-b,,,true,,,,,,,,
convnext_base_dvd_b_l1_cont4to6_init1_resetepoch,convnext_base,1,madry,continuation,resetepoch,convnext_base_dvd_b_l1_4_init1,l1,6,147,cont 4->6 from convnext_base_dvd_b_l1_4_init1 (continuation),convnext_base,convnext_base_dvd_b_l1_cont4to6_init1_resetepoch,1,,True,results/models,40,512,True,madry,l1,,6,,,,true,dvd-b,true,true,true,true,warmup_ramp_fixed,4,6,4,5,25,26
convnext_base_dvd_b_l1_cont4to8_init1_resetepoch,convnext_base,1,madry,continuation,resetepoch,convnext_base_dvd_b_l1_4_init1,l1,8,148,cont 4->8 from convnext_base_dvd_b_l1_4_init1 (continuation),convnext_base,convnext_base_dvd_b_l1_cont4to8_init1_resetepoch,1,,True,results/models,40,512,True,madry,l1,,8,,,,true,dvd-b,true,true,true,true,warmup_ramp_fixed,4,8,4,5,25,26
convnext_base_dvd_b_l1_cont8to12_init1_resetepoch,convnext_base,1,madry,continuation,resetepoch,convnext_base_dvd_b_l1_cont4to8_init1_resetepoch,l1,12,149,cont 8->12 from convnext_base_dvd_b_l1_cont4to8_init1_resetepoch (continuation),convnext_base,convnext_base_dvd_b_l1_cont8to12_init1_resetepoch,1,,True,results/models,50,512,True,madry,l1,,12,,,,true,dvd-b,true,true,true,true,warmup_ramp_fixed,8,12,4,5,35,36
convnext_base_dvd_b_l1_cont4to6_init1_contepoch,convnext_base,1,madry,resume,contepoch,convnext_base_dvd_b_l1_4_init1,l1,6,150,cont 4->6 from convnext_base_dvd_b_l1_4_init1 (resume),convnext_base,convnext_base_dvd_b_l1_cont4to6_init1_contepoch,1,,True,results/models,240,512,True,madry,l1,,6,,,,true,dvd-b,,true,true,true,warmup_ramp_fixed,4,6,204,205,225,226
convnext_base_dvd_b_l1_cont4to8_init1_contepoch,convnext_base,1,madry,resume,contepoch,convnext_base_dvd_b_l1_4_init1,l1,8,151,cont 4->8 from convnext_base_dvd_b_l1_4_init1 (resume),convnext_base,convnext_base_dvd_b_l1_cont4to8_init1_contepoch,1,,True,results/models,240,512,True,madry,l1,,8,,,,true,dvd-b,,true,true,true,warmup_ramp_fixed,4,8,204,205,225,226
convnext_base_dvd_b_l1_cont8to12_init1_contepoch,convnext_base,1,madry,resume,contepoch,convnext_base_dvd_b_l1_cont4to8_init1_contepoch,l1,12,152,cont 8->12 from convnext_base_dvd_b_l1_cont4to8_init1_contepoch (resume),convnext_base,convnext_base_dvd_b_l1_cont8to12_init1_contepoch,1,,True,results/models,290,512,True,madry,l1,,12,,,,true,dvd-b,,true,true,true,warmup_ramp_fixed,8,12,244,245,275,276
convnext_base_dvd_b_l2_1_init1,convnext_base,1,madry,scratch,,,l2,1,153,madry+dvd_b l2 eps1 scratch,convnext_base,convnext_base_dvd_b_l2_1_init1,1,,True,results/models,200,512,True,madry,l2,,1,,,,true,dvd-b,,,true,,,,,,,,
convnext_base_dvd_b_l2_2_init1,convnext_base,1,madry,scratch,,,l2,2,154,madry+dvd_b l2 eps2 scratch,convnext_base,convnext_base_dvd_b_l2_2_init1,1,,True,results/models,200,512,True,madry,l2,,2,,,,true,dvd-b,,,true,,,,,,,,
convnext_base_dvd_b_l2_4_init1,convnext_base,1,madry,scratch,,,l2,4,155,madry+dvd_b l2 eps4 scratch,convnext_base,convnext_base_dvd_b_l2_4_init1,1,,True,results/models,200,512,True,madry,l2,,4,,,,true,dvd-b,,,true,,,,,,,,
convnext_base_dvd_b_l2_cont4to6_init1_resetepoch,convnext_base,1,madry,continuation,resetepoch,convnext_base_dvd_b_l2_4_init1,l2,6,156,cont 4->6 from convnext_base_dvd_b_l2_4_init1 (continuation),convnext_base,convnext_base_dvd_b_l2_cont4to6_init1_resetepoch,1,,True,results/models,40,512,True,madry,l2,,6,,,,true,dvd-b,true,true,true,true,warmup_ramp_fixed,4,6,4,5,25,26
convnext_base_dvd_b_l2_cont4to8_init1_resetepoch,convnext_base,1,madry,continuation,resetepoch,convnext_base_dvd_b_l2_4_init1,l2,8,157,cont 4->8 from convnext_base_dvd_b_l2_4_init1 (continuation),convnext_base,convnext_base_dvd_b_l2_cont4to8_init1_resetepoch,1,,True,results/models,40,512,True,madry,l2,,8,,,,true,dvd-b,true,true,true,true,warmup_ramp_fixed,4,8,4,5,25,26
convnext_base_dvd_b_l2_cont8to12_init1_resetepoch,convnext_base,1,madry,continuation,resetepoch,convnext_base_dvd_b_l2_cont4to8_init1_resetepoch,l2,12,158,cont 8->12 from convnext_base_dvd_b_l2_cont4to8_init1_resetepoch (continuation),convnext_base,convnext_base_dvd_b_l2_cont8to12_init1_resetepoch,1,,True,results/models,50,512,True,madry,l2,,12,,,,true,dvd-b,true,true,true,true,warmup_ramp_fixed,8,12,4,5,35,36
convnext_base_dvd_b_l2_cont4to6_init1_contepoch,convnext_base,1,madry,resume,contepoch,convnext_base_dvd_b_l2_4_init1,l2,6,159,cont 4->6 from convnext_base_dvd_b_l2_4_init1 (resume),convnext_base,convnext_base_dvd_b_l2_cont4to6_init1_contepoch,1,,True,results/models,240,512,True,madry,l2,,6,,,,true,dvd-b,,true,true,true,warmup_ramp_fixed,4,6,204,205,225,226
convnext_base_dvd_b_l2_cont4to8_init1_contepoch,convnext_base,1,madry,resume,contepoch,convnext_base_dvd_b_l2_4_init1,l2,8,160,cont 4->8 from convnext_base_dvd_b_l2_4_init1 (resume),convnext_base,convnext_base_dvd_b_l2_cont4to8_init1_contepoch,1,,True,results/models,240,512,True,madry,l2,,8,,,,true,dvd-b,,true,true,true,warmup_ramp_fixed,4,8,204,205,225,226
convnext_base_dvd_b_l2_cont8to12_init1_contepoch,convnext_base,1,madry,resume,contepoch,convnext_base_dvd_b_l2_cont4to8_init1_contepoch,l2,12,161,cont 8->12 from convnext_base_dvd_b_l2_cont4to8_init1_contepoch (resume),convnext_base,convnext_base_dvd_b_l2_cont8to12_init1_contepoch,1,,True,results/models,290,512,True,madry,l2,,12,,,,true,dvd-b,,true,true,true,warmup_ramp_fixed,8,12,244,245,275,276
convnext_base_dvd_b_linf_1_init1,convnext_base,1,madry,scratch,,,linf,1,162,madry+dvd_b linf eps1 scratch,convnext_base,convnext_base_dvd_b_linf_1_init1,1,,True,results/models,200,512,True,madry,linf,,1,,,,true,dvd-b,,,true,,,,,,,,
convnext_base_dvd_b_linf_2_init1,convnext_base,1,madry,scratch,,,linf,2,163,madry+dvd_b linf eps2 scratch,convnext_base,convnext_base_dvd_b_linf_2_init1,1,,True,results/models,200,512,True,madry,linf,,2,,,,true,dvd-b,,,true,,,,,,,,
convnext_base_dvd_b_linf_4_init1,convnext_base,1,madry,scratch,,,linf,4,164,madry+dvd_b linf eps4 scratch,convnext_base,convnext_base_dvd_b_linf_4_init1,1,,True,results/models,200,512,True,madry,linf,,4,,,,true,dvd-b,,,true,,,,,,,,
convnext_base_dvd_b_linf_cont4to6_init1_resetepoch,convnext_base,1,madry,continuation,resetepoch,convnext_base_dvd_b_linf_4_init1,linf,6,165,cont 4->6 from convnext_base_dvd_b_linf_4_init1 (continuation),convnext_base,convnext_base_dvd_b_linf_cont4to6_init1_resetepoch,1,,True,results/models,40,512,True,madry,linf,,6,,,,true,dvd-b,true,true,true,true,warmup_ramp_fixed,4,6,4,5,25,26
convnext_base_dvd_b_linf_cont4to8_init1_resetepoch,convnext_base,1,madry,continuation,resetepoch,convnext_base_dvd_b_linf_4_init1,linf,8,166,cont 4->8 from convnext_base_dvd_b_linf_4_init1 (continuation),convnext_base,convnext_base_dvd_b_linf_cont4to8_init1_resetepoch,1,,True,results/models,40,512,True,madry,linf,,8,,,,true,dvd-b,true,true,true,true,warmup_ramp_fixed,4,8,4,5,25,26
convnext_base_dvd_b_linf_cont8to12_init1_resetepoch,convnext_base,1,madry,continuation,resetepoch,convnext_base_dvd_b_linf_cont4to8_init1_resetepoch,linf,12,167,cont 8->12 from convnext_base_dvd_b_linf_cont4to8_init1_resetepoch (continuation),convnext_base,convnext_base_dvd_b_linf_cont8to12_init1_resetepoch,1,,True,results/models,50,512,True,madry,linf,,12,,,,true,dvd-b,true,true,true,true,warmup_ramp_fixed,8,12,4,5,35,36
convnext_base_dvd_b_linf_cont4to6_init1_contepoch,convnext_base,1,madry,resume,contepoch,convnext_base_dvd_b_linf_4_init1,linf,6,168,cont 4->6 from convnext_base_dvd_b_linf_4_init1 (resume),convnext_base,convnext_base_dvd_b_linf_cont4to6_init1_contepoch,1,,True,results/models,240,512,True,madry,linf,,6,,,,true,dvd-b,,true,true,true,warmup_ramp_fixed,4,6,204,205,225,226
convnext_base_dvd_b_linf_cont4to8_init1_contepoch,convnext_base,1,madry,resume,contepoch,convnext_base_dvd_b_linf_4_init1,linf,8,169,cont 4->8 from convnext_base_dvd_b_linf_4_init1 (resume),convnext_base,convnext_base_dvd_b_linf_cont4to8_init1_contepoch,1,,True,results/models,240,512,True,madry,linf,,8,,,,true,dvd-b,,true,true,true,warmup_ramp_fixed,4,8,204,205,225,226
convnext_base_dvd_b_linf_cont8to12_init1_contepoch,convnext_base,1,madry,resume,contepoch,convnext_base_dvd_b_linf_cont4to8_init1_contepoch,linf,12,170,cont 8->12 from convnext_base_dvd_b_linf_cont4to8_init1_contepoch (resume),convnext_base,convnext_base_dvd_b_linf_cont8to12_init1_contepoch,1,,True,results/models,290,512,True,madry,linf,,12,,,,true,dvd-b,,true,true,true,warmup_ramp_fixed,8,12,244,245,275,276
convnext_base_dvd_b_l1trades_1_init1,convnext_base,1,trades,scratch,,,l1,1,171,trades+dvd_b l1 eps1 scratch,convnext_base,convnext_base_dvd_b_l1trades_1_init1,1,,,results/models,200,256,True,trades,l1,,1,,,,true,dvd-b,,,true,,,,,,,,
convnext_base_dvd_b_l1trades_2_init1,convnext_base,1,trades,scratch,,,l1,2,172,trades+dvd_b l1 eps2 scratch,convnext_base,convnext_base_dvd_b_l1trades_2_init1,1,,,results/models,200,256,True,trades,l1,,2,,,,true,dvd-b,,,true,,,,,,,,
convnext_base_dvd_b_l1trades_4_init1,convnext_base,1,trades,scratch,,,l1,4,173,trades+dvd_b l1 eps4 scratch,convnext_base,convnext_base_dvd_b_l1trades_4_init1,1,,,results/models,200,256,True,trades,l1,,4,,,,true,dvd-b,,,true,,,,,,,,
convnext_base_dvd_b_l1trades_cont4to6_init1_resetepoch,convnext_base,1,trades,continuation,resetepoch,convnext_base_dvd_b_l1trades_4_init1,l1,6,174,cont 4->6 from convnext_base_dvd_b_l1trades_4_init1 (continuation),convnext_base,convnext_base_dvd_b_l1trades_cont4to6_init1_resetepoch,1,,,results/models,40,256,True,trades,l1,,6,,,,true,dvd-b,true,true,true,true,warmup_ramp_fixed,4,6,4,5,25,26
convnext_base_dvd_b_l1trades_cont4to8_init1_resetepoch,convnext_base,1,trades,continuation,resetepoch,convnext_base_dvd_b_l1trades_4_init1,l1,8,175,cont 4->8 from convnext_base_dvd_b_l1trades_4_init1 (continuation),convnext_base,convnext_base_dvd_b_l1trades_cont4to8_init1_resetepoch,1,,,results/models,40,256,True,trades,l1,,8,,,,true,dvd-b,true,true,true,true,warmup_ramp_fixed,4,8,4,5,25,26
convnext_base_dvd_b_l1trades_cont8to12_init1_resetepoch,convnext_base,1,trades,continuation,resetepoch,convnext_base_dvd_b_l1trades_cont4to8_init1_resetepoch,l1,12,176,cont 8->12 from convnext_base_dvd_b_l1trades_cont4to8_init1_resetepoch (continuation),convnext_base,convnext_base_dvd_b_l1trades_cont8to12_init1_resetepoch,1,,,results/models,50,256,True,trades,l1,,12,,,,true,dvd-b,true,true,true,true,warmup_ramp_fixed,8,12,4,5,35,36
convnext_base_dvd_b_l1trades_cont4to6_init1_contepoch,convnext_base,1,trades,resume,contepoch,convnext_base_dvd_b_l1trades_4_init1,l1,6,177,cont 4->6 from convnext_base_dvd_b_l1trades_4_init1 (resume),convnext_base,convnext_base_dvd_b_l1trades_cont4to6_init1_contepoch,1,,,results/models,240,256,True,trades,l1,,6,,,,true,dvd-b,,true,true,true,warmup_ramp_fixed,4,6,204,205,225,226
convnext_base_dvd_b_l1trades_cont4to8_init1_contepoch,convnext_base,1,trades,resume,contepoch,convnext_base_dvd_b_l1trades_4_init1,l1,8,178,cont 4->8 from convnext_base_dvd_b_l1trades_4_init1 (resume),convnext_base,convnext_base_dvd_b_l1trades_cont4to8_init1_contepoch,1,,,results/models,240,256,True,trades,l1,,8,,,,true,dvd-b,,true,true,true,warmup_ramp_fixed,4,8,204,205,225,226
convnext_base_dvd_b_l1trades_cont8to12_init1_contepoch,convnext_base,1,trades,resume,contepoch,convnext_base_dvd_b_l1trades_cont4to8_init1_contepoch,l1,12,179,cont 8->12 from convnext_base_dvd_b_l1trades_cont4to8_init1_contepoch (resume),convnext_base,convnext_base_dvd_b_l1trades_cont8to12_init1_contepoch,1,,,results/models,290,256,True,trades,l1,,12,,,,true,dvd-b,,true,true,true,warmup_ramp_fixed,8,12,244,245,275,276
convnext_base_dvd_b_l2trades_1_init1,convnext_base,1,trades,scratch,,,l2,1,180,trades+dvd_b l2 eps1 scratch,convnext_base,convnext_base_dvd_b_l2trades_1_init1,1,,,results/models,200,256,True,trades,l2,,1,,,,true,dvd-b,,,true,,,,,,,,
convnext_base_dvd_b_l2trades_2_init1,convnext_base,1,trades,scratch,,,l2,2,181,trades+dvd_b l2 eps2 scratch,convnext_base,convnext_base_dvd_b_l2trades_2_init1,1,,,results/models,200,256,True,trades,l2,,2,,,,true,dvd-b,,,true,,,,,,,,
convnext_base_dvd_b_l2trades_4_init1,convnext_base,1,trades,scratch,,,l2,4,182,trades+dvd_b l2 eps4 scratch,convnext_base,convnext_base_dvd_b_l2trades_4_init1,1,,,results/models,200,256,True,trades,l2,,4,,,,true,dvd-b,,,true,,,,,,,,
convnext_base_dvd_b_l2trades_cont4to6_init1_resetepoch,convnext_base,1,trades,continuation,resetepoch,convnext_base_dvd_b_l2trades_4_init1,l2,6,183,cont 4->6 from convnext_base_dvd_b_l2trades_4_init1 (continuation),convnext_base,convnext_base_dvd_b_l2trades_cont4to6_init1_resetepoch,1,,,results/models,40,256,True,trades,l2,,6,,,,true,dvd-b,true,true,true,true,warmup_ramp_fixed,4,6,4,5,25,26
convnext_base_dvd_b_l2trades_cont4to8_init1_resetepoch,convnext_base,1,trades,continuation,resetepoch,convnext_base_dvd_b_l2trades_4_init1,l2,8,184,cont 4->8 from convnext_base_dvd_b_l2trades_4_init1 (continuation),convnext_base,convnext_base_dvd_b_l2trades_cont4to8_init1_resetepoch,1,,,results/models,40,256,True,trades,l2,,8,,,,true,dvd-b,true,true,true,true,warmup_ramp_fixed,4,8,4,5,25,26
convnext_base_dvd_b_l2trades_cont8to12_init1_resetepoch,convnext_base,1,trades,continuation,resetepoch,convnext_base_dvd_b_l2trades_cont4to8_init1_resetepoch,l2,12,185,cont 8->12 from convnext_base_dvd_b_l2trades_cont4to8_init1_resetepoch (continuation),convnext_base,convnext_base_dvd_b_l2trades_cont8to12_init1_resetepoch,1,,,results/models,50,256,True,trades,l2,,12,,,,true,dvd-b,true,true,true,true,warmup_ramp_fixed,8,12,4,5,35,36
convnext_base_dvd_b_l2trades_cont4to6_init1_contepoch,convnext_base,1,trades,resume,contepoch,convnext_base_dvd_b_l2trades_4_init1,l2,6,186,cont 4->6 from convnext_base_dvd_b_l2trades_4_init1 (resume),convnext_base,convnext_base_dvd_b_l2trades_cont4to6_init1_contepoch,1,,,results/models,240,256,True,trades,l2,,6,,,,true,dvd-b,,true,true,true,warmup_ramp_fixed,4,6,204,205,225,226
convnext_base_dvd_b_l2trades_cont4to8_init1_contepoch,convnext_base,1,trades,resume,contepoch,convnext_base_dvd_b_l2trades_4_init1,l2,8,187,cont 4->8 from convnext_base_dvd_b_l2trades_4_init1 (resume),convnext_base,convnext_base_dvd_b_l2trades_cont4to8_init1_contepoch,1,,,results/models,240,256,True,trades,l2,,8,,,,true,dvd-b,,true,true,true,warmup_ramp_fixed,4,8,204,205,225,226
convnext_base_dvd_b_l2trades_cont8to12_init1_contepoch,convnext_base,1,trades,resume,contepoch,convnext_base_dvd_b_l2trades_cont4to8_init1_contepoch,l2,12,188,cont 8->12 from convnext_base_dvd_b_l2trades_cont4to8_init1_contepoch (resume),convnext_base,convnext_base_dvd_b_l2trades_cont8to12_init1_contepoch,1,,,results/models,290,256,True,trades,l2,,12,,,,true,dvd-b,,true,true,true,warmup_ramp_fixed,8,12,244,245,275,276
convnext_base_dvd_b_linftrades_1_init1,convnext_base,1,trades,scratch,,,linf,1,189,trades+dvd_b linf eps1 scratch,convnext_base,convnext_base_dvd_b_linftrades_1_init1,1,,,results/models,200,256,True,trades,linf,,1,,,,true,dvd-b,,,true,,,,,,,,
convnext_base_dvd_b_linftrades_2_init1,convnext_base,1,trades,scratch,,,linf,2,190,trades+dvd_b linf eps2 scratch,convnext_base,convnext_base_dvd_b_linftrades_2_init1,1,,,results/models,200,256,True,trades,linf,,2,,,,true,dvd-b,,,true,,,,,,,,
convnext_base_dvd_b_linftrades_4_init1,convnext_base,1,trades,scratch,,,linf,4,191,trades+dvd_b linf eps4 scratch,convnext_base,convnext_base_dvd_b_linftrades_4_init1,1,,,results/models,200,256,True,trades,linf,,4,,,,true,dvd-b,,,true,,,,,,,,
convnext_base_dvd_b_linftrades_cont4to6_init1_resetepoch,convnext_base,1,trades,continuation,resetepoch,convnext_base_dvd_b_linftrades_4_init1,linf,6,192,cont 4->6 from convnext_base_dvd_b_linftrades_4_init1 (continuation),convnext_base,convnext_base_dvd_b_linftrades_cont4to6_init1_resetepoch,1,,,results/models,40,256,True,trades,linf,,6,,,,true,dvd-b,true,true,true,true,warmup_ramp_fixed,4,6,4,5,25,26
convnext_base_dvd_b_linftrades_cont4to8_init1_resetepoch,convnext_base,1,trades,continuation,resetepoch,convnext_base_dvd_b_linftrades_4_init1,linf,8,193,cont 4->8 from convnext_base_dvd_b_linftrades_4_init1 (continuation),convnext_base,convnext_base_dvd_b_linftrades_cont4to8_init1_resetepoch,1,,,results/models,40,256,True,trades,linf,,8,,,,true,dvd-b,true,true,true,true,warmup_ramp_fixed,4,8,4,5,25,26
convnext_base_dvd_b_linftrades_cont8to12_init1_resetepoch,convnext_base,1,trades,continuation,resetepoch,convnext_base_dvd_b_linftrades_cont4to8_init1_resetepoch,linf,12,194,cont 8->12 from convnext_base_dvd_b_linftrades_cont4to8_init1_resetepoch (continuation),convnext_base,convnext_base_dvd_b_linftrades_cont8to12_init1_resetepoch,1,,,results/models,50,256,True,trades,linf,,12,,,,true,dvd-b,true,true,true,true,warmup_ramp_fixed,8,12,4,5,35,36
convnext_base_dvd_b_linftrades_cont4to6_init1_contepoch,convnext_base,1,trades,resume,contepoch,convnext_base_dvd_b_linftrades_4_init1,linf,6,195,cont 4->6 from convnext_base_dvd_b_linftrades_4_init1 (resume),convnext_base,convnext_base_dvd_b_linftrades_cont4to6_init1_contepoch,1,,,results/models,240,256,True,trades,linf,,6,,,,true,dvd-b,,true,true,true,warmup_ramp_fixed,4,6,204,205,225,226
convnext_base_dvd_b_linftrades_cont4to8_init1_contepoch,convnext_base,1,trades,resume,contepoch,convnext_base_dvd_b_linftrades_4_init1,linf,8,196,cont 4->8 from convnext_base_dvd_b_linftrades_4_init1 (resume),convnext_base,convnext_base_dvd_b_linftrades_cont4to8_init1_contepoch,1,,,results/models,240,256,True,trades,linf,,8,,,,true,dvd-b,,true,true,true,warmup_ramp_fixed,4,8,204,205,225,226
convnext_base_dvd_b_linftrades_cont8to12_init1_contepoch,convnext_base,1,trades,resume,contepoch,convnext_base_dvd_b_linftrades_cont4to8_init1_contepoch,linf,12,197,cont 8->12 from convnext_base_dvd_b_linftrades_cont4to8_init1_contepoch (resume),convnext_base,convnext_base_dvd_b_linftrades_cont8to12_init1_contepoch,1,,,results/models,290,256,True,trades,linf,,12,,,,true,dvd-b,,true,true,true,warmup_ramp_fixed,8,12,244,245,275,276
convnext_base_v1_l2_1_init1,convnext_base,1,v1,scratch,,,l2,1,198,v1 l2 eps1 scratch,convnext_base_v1,convnext_base_v1_l2_1_init1,1,null,,results/models,150,256,True,madry,l2,v1_feature,,1,,,,,,,true,,,,,,,,
convnext_base_v1_l2_2_init1,convnext_base,1,v1,scratch,,,l2,2,199,v1 l2 eps2 scratch,convnext_base_v1,convnext_base_v1_l2_2_init1,1,null,,results/models,150,256,True,madry,l2,v1_feature,,2,,,,,,,true,,,,,,,,
convnext_base_v1_l2_4_init1,convnext_base,1,v1,scratch,,,l2,4,200,v1 l2 eps4 scratch,convnext_base_v1,convnext_base_v1_l2_4_init1,1,null,,results/models,150,256,True,madry,l2,v1_feature,,4,,,,,,,true,,,,,,,,
convnext_base_v1_l2_cont4to6_init1,convnext_base,1,v1,continuation,,convnext_base_v1_l2_4_init1,l2,6,201,v1 cont 4->6 from convnext_base_v1_l2_4_init1,convnext_base_v1,convnext_base_v1_l2_cont4to6_init1,1,null,,results/models,40,256,True,madry,l2,v1_feature,,6,,,,,true,true,true,true,warmup_ramp_fixed,4,6,4,5,25,26
convnext_base_v1_l2_cont4to8_init1,convnext_base,1,v1,continuation,,convnext_base_v1_l2_4_init1,l2,8,202,v1 cont 4->8 from convnext_base_v1_l2_4_init1,convnext_base_v1,convnext_base_v1_l2_cont4to8_init1,1,null,,results/models,40,256,True,madry,l2,v1_feature,,8,,,,,true,true,true,true,warmup_ramp_fixed,4,8,4,5,25,26
convnext_base_v1_l2_cont8to12_init1,convnext_base,1,v1,continuation,,convnext_base_v1_l2_cont4to8_init1,l2,12,203,v1 cont 8->12 from convnext_base_v1_l2_cont4to8_init1,convnext_base_v1,convnext_base_v1_l2_cont8to12_init1,1,null,,results/models,50,256,True,madry,l2,v1_feature,,12,,,,,true,true,true,true,warmup_ramp_fixed,8,12,4,5,35,36
convnext_base_gradnorm_l1_1_init1,convnext_base,1,gradnorm,resume,,convnext_base_baseline_init1,linf,1,204,gradnorm l1 eps1 resume from convnext_base_baseline_init1 (150->200),convnext_base,convnext_base_gradnorm_l1_1_init1,1,,,results/models,200,256,,,,,1,,True,l1,,,,,true,,,,,,,,
convnext_base_gradnorm_l1_2_init1,convnext_base,1,gradnorm,resume,,convnext_base_baseline_init1,linf,2,205,gradnorm l1 eps2 resume from convnext_base_baseline_init1 (150->200),convnext_base,convnext_base_gradnorm_l1_2_init1,1,,,results/models,200,256,,,,,2,,True,l1,,,,,true,,,,,,,,
convnext_base_gradnorm_l1_4_init1,convnext_base,1,gradnorm,resume,,convnext_base_baseline_init1,linf,4,206,gradnorm l1 eps4 resume from convnext_base_baseline_init1 (150->200),convnext_base,convnext_base_gradnorm_l1_4_init1,1,,,results/models,200,256,,,,,4,,True,l1,,,,,true,,,,,,,,
convnext_base_gradnorm_l1_6_init1,convnext_base,1,gradnorm,resume,,convnext_base_baseline_init1,linf,6,207,gradnorm l1 eps6 resume from convnext_base_baseline_init1 (150->200),convnext_base,convnext_base_gradnorm_l1_6_init1,1,,,results/models,200,256,,,,,6,,True,l1,,,,,true,,,,,,,,
convnext_base_gradnorm_l1_8_init1,convnext_base,1,gradnorm,resume,,convnext_base_baseline_init1,linf,8,208,gradnorm l1 eps8 resume from convnext_base_baseline_init1 (150->200),convnext_base,convnext_base_gradnorm_l1_8_init1,1,,,results/models,200,256,,,,,8,,True,l1,,,,,true,,,,,,,,
convnext_base_gradnorm_l1_12_init1,convnext_base,1,gradnorm,resume,,convnext_base_baseline_init1,linf,12,209,gradnorm l1 eps12 resume from convnext_base_baseline_init1 (150->200),convnext_base,convnext_base_gradnorm_l1_12_init1,1,,,results/models,200,256,,,,,12,,True,l1,,,,,true,,,,,,,,
convnext_base_v1_clean_init1,convnext_base,1,v1_clean,scratch,,,,,210,"clean v1 (no adv, no noise)",convnext_base_v1,convnext_base_v1_clean_init1,1,null,,results/models,150,256,False,,,,,,,,,,,,,,,,,,,,
convnext_base_v1_noise_init1,convnext_base,1,v1_noise,scratch,,,,,211,"clean v1 + V1 noise (neuronal), no adv",convnext_base_v1,convnext_base_v1_noise_init1,1,neuronal,,results/models,150,256,False,,,,,,,,,,,,,,,,,,,,
convnext_base_baseline_init2,convnext_base,2,baseline,scratch,,,,,212,clean baseline (no adv),convnext_base,convnext_base_baseline_init2,2,,,results/models,150,512,False,,,,,,,,,,,,,,,,,,,,
convnext_base_dvd_b_baseline_init2,convnext_base,2,dvd_b_baseline,scratch,,,,,213,"DVD-B augmentation, no adv",convnext_base,convnext_base_dvd_b_baseline_init2,2,,,results/models,200,512,False,,,,,,,,true,dvd-b,,,,,,,,,,,
convnext_base_l1_1_init2,convnext_base,2,madry,scratch,,,l1,1,214,madry l1 eps1 scratch,convnext_base,convnext_base_l1_1_init2,2,,True,results/models,150,512,True,madry,l1,,1,,,,,,,,true,,,,,,,,
convnext_base_l1_2_init2,convnext_base,2,madry,scratch,,,l1,2,215,madry l1 eps2 scratch,convnext_base,convnext_base_l1_2_init2,2,,True,results/models,150,512,True,madry,l1,,2,,,,,,,,true,,,,,,,,
convnext_base_l1_4_init2,convnext_base,2,madry,scratch,,,l1,4,216,madry l1 eps4 scratch,convnext_base,convnext_base_l1_4_init2,2,,True,results/models,150,512,True,madry,l1,,4,,,,,,,,true,,,,,,,,
convnext_base_l1_cont4to6_init2,convnext_base,2,madry,continuation,,convnext_base_l1_4_init2,l1,6,217,cont 4->6 from convnext_base_l1_4_init2 (continuation),convnext_base,convnext_base_l1_cont4to6_init2,2,,True,results/models,40,512,True,madry,l1,,6,,,,,,true,true,true,true,warmup_ramp_fixed,4,6,4,5,25,26
convnext_base_l1_cont4to8_init2,convnext_base,2,madry,continuation,,convnext_base_l1_4_init2,l1,8,218,cont 4->8 from convnext_base_l1_4_init2 (continuation),convnext_base,convnext_base_l1_cont4to8_init2,2,,True,results/models,40,512,True,madry,l1,,8,,,,,,true,true,true,true,warmup_ramp_fixed,4,8,4,5,25,26
convnext_base_l1_cont8to12_init2,convnext_base,2,madry,continuation,,convnext_base_l1_cont4to8_init2,l1,12,219,cont 8->12 from convnext_base_l1_cont4to8_init2 (continuation),convnext_base,convnext_base_l1_cont8to12_init2,2,,True,results/models,50,512,True,madry,l1,,12,,,,,,true,true,true,true,warmup_ramp_fixed,8,12,4,5,35,36
convnext_base_l2_1_init2,convnext_base,2,madry,scratch,,,l2,1,220,madry l2 eps1 scratch,convnext_base,convnext_base_l2_1_init2,2,,True,results/models,150,512,True,madry,l2,,1,,,,,,,,true,,,,,,,,
convnext_base_l2_2_init2,convnext_base,2,madry,scratch,,,l2,2,221,madry l2 eps2 scratch,convnext_base,convnext_base_l2_2_init2,2,,True,results/models,150,512,True,madry,l2,,2,,,,,,,,true,,,,,,,,
convnext_base_l2_4_init2,convnext_base,2,madry,scratch,,,l2,4,222,madry l2 eps4 scratch,convnext_base,convnext_base_l2_4_init2,2,,True,results/models,150,512,True,madry,l2,,4,,,,,,,,true,,,,,,,,
convnext_base_l2_cont4to6_init2,convnext_base,2,madry,continuation,,convnext_base_l2_4_init2,l2,6,223,cont 4->6 from convnext_base_l2_4_init2 (continuation),convnext_base,convnext_base_l2_cont4to6_init2,2,,True,results/models,40,512,True,madry,l2,,6,,,,,,true,true,true,true,warmup_ramp_fixed,4,6,4,5,25,26
convnext_base_l2_cont4to8_init2,convnext_base,2,madry,continuation,,convnext_base_l2_4_init2,l2,8,224,cont 4->8 from convnext_base_l2_4_init2 (continuation),convnext_base,convnext_base_l2_cont4to8_init2,2,,True,results/models,40,512,True,madry,l2,,8,,,,,,true,true,true,true,warmup_ramp_fixed,4,8,4,5,25,26
convnext_base_l2_cont8to12_init2,convnext_base,2,madry,continuation,,convnext_base_l2_cont4to8_init2,l2,12,225,cont 8->12 from convnext_base_l2_cont4to8_init2 (continuation),convnext_base,convnext_base_l2_cont8to12_init2,2,,True,results/models,50,512,True,madry,l2,,12,,,,,,true,true,true,true,warmup_ramp_fixed,8,12,4,5,35,36
convnext_base_linf_1_init2,convnext_base,2,madry,scratch,,,linf,1,226,madry linf eps1 scratch,convnext_base,convnext_base_linf_1_init2,2,,True,results/models,150,512,True,madry,linf,,1,,,,,,,,true,,,,,,,,
convnext_base_linf_2_init2,convnext_base,2,madry,scratch,,,linf,2,227,madry linf eps2 scratch,convnext_base,convnext_base_linf_2_init2,2,,True,results/models,150,512,True,madry,linf,,2,,,,,,,,true,,,,,,,,
convnext_base_linf_4_init2,convnext_base,2,madry,scratch,,,linf,4,228,madry linf eps4 scratch,convnext_base,convnext_base_linf_4_init2,2,,True,results/models,150,512,True,madry,linf,,4,,,,,,,,true,,,,,,,,
convnext_base_linf_cont4to6_init2,convnext_base,2,madry,continuation,,convnext_base_linf_4_init2,linf,6,229,cont 4->6 from convnext_base_linf_4_init2 (continuation),convnext_base,convnext_base_linf_cont4to6_init2,2,,True,results/models,40,512,True,madry,linf,,6,,,,,,true,true,true,true,warmup_ramp_fixed,4,6,4,5,25,26
convnext_base_linf_cont4to8_init2,convnext_base,2,madry,continuation,,convnext_base_linf_4_init2,linf,8,230,cont 4->8 from convnext_base_linf_4_init2 (continuation),convnext_base,convnext_base_linf_cont4to8_init2,2,,True,results/models,40,512,True,madry,linf,,8,,,,,,true,true,true,true,warmup_ramp_fixed,4,8,4,5,25,26
convnext_base_linf_cont8to12_init2,convnext_base,2,madry,continuation,,convnext_base_linf_cont4to8_init2,linf,12,231,cont 8->12 from convnext_base_linf_cont4to8_init2 (continuation),convnext_base,convnext_base_linf_cont8to12_init2,2,,True,results/models,50,512,True,madry,linf,,12,,,,,,true,true,true,true,warmup_ramp_fixed,8,12,4,5,35,36
convnext_base_l1trades_1_init2,convnext_base,2,trades,scratch,,,l1,1,232,trades l1 eps1 scratch,convnext_base,convnext_base_l1trades_1_init2,2,,,results/models,150,256,True,trades,l1,,1,,,,,,,,true,,,,,,,,
convnext_base_l1trades_2_init2,convnext_base,2,trades,scratch,,,l1,2,233,trades l1 eps2 scratch,convnext_base,convnext_base_l1trades_2_init2,2,,,results/models,150,256,True,trades,l1,,2,,,,,,,,true,,,,,,,,
convnext_base_l1trades_4_init2,convnext_base,2,trades,scratch,,,l1,4,234,trades l1 eps4 scratch,convnext_base,convnext_base_l1trades_4_init2,2,,,results/models,150,256,True,trades,l1,,4,,,,,,,,true,,,,,,,,
convnext_base_l1trades_cont4to6_init2,convnext_base,2,trades,continuation,,convnext_base_l1trades_4_init2,l1,6,235,cont 4->6 from convnext_base_l1trades_4_init2 (continuation),convnext_base,convnext_base_l1trades_cont4to6_init2,2,,,results/models,40,256,True,trades,l1,,6,,,,,,true,true,true,true,warmup_ramp_fixed,4,6,4,5,25,26
convnext_base_l1trades_cont4to8_init2,convnext_base,2,trades,continuation,,convnext_base_l1trades_4_init2,l1,8,236,cont 4->8 from convnext_base_l1trades_4_init2 (continuation),convnext_base,convnext_base_l1trades_cont4to8_init2,2,,,results/models,40,256,True,trades,l1,,8,,,,,,true,true,true,true,warmup_ramp_fixed,4,8,4,5,25,26
convnext_base_l1trades_cont8to12_init2,convnext_base,2,trades,continuation,,convnext_base_l1trades_cont4to8_init2,l1,12,237,cont 8->12 from convnext_base_l1trades_cont4to8_init2 (continuation),convnext_base,convnext_base_l1trades_cont8to12_init2,2,,,results/models,50,256,True,trades,l1,,12,,,,,,true,true,true,true,warmup_ramp_fixed,8,12,4,5,35,36
convnext_base_l2trades_1_init2,convnext_base,2,trades,scratch,,,l2,1,238,trades l2 eps1 scratch,convnext_base,convnext_base_l2trades_1_init2,2,,,results/models,150,256,True,trades,l2,,1,,,,,,,,true,,,,,,,,
convnext_base_l2trades_2_init2,convnext_base,2,trades,scratch,,,l2,2,239,trades l2 eps2 scratch,convnext_base,convnext_base_l2trades_2_init2,2,,,results/models,150,256,True,trades,l2,,2,,,,,,,,true,,,,,,,,
convnext_base_l2trades_4_init2,convnext_base,2,trades,scratch,,,l2,4,240,trades l2 eps4 scratch,convnext_base,convnext_base_l2trades_4_init2,2,,,results/models,150,256,True,trades,l2,,4,,,,,,,,true,,,,,,,,
convnext_base_l2trades_cont4to6_init2,convnext_base,2,trades,continuation,,convnext_base_l2trades_4_init2,l2,6,241,cont 4->6 from convnext_base_l2trades_4_init2 (continuation),convnext_base,convnext_base_l2trades_cont4to6_init2,2,,,results/models,40,256,True,trades,l2,,6,,,,,,true,true,true,true,warmup_ramp_fixed,4,6,4,5,25,26
convnext_base_l2trades_cont4to8_init2,convnext_base,2,trades,continuation,,convnext_base_l2trades_4_init2,l2,8,242,cont 4->8 from convnext_base_l2trades_4_init2 (continuation),convnext_base,convnext_base_l2trades_cont4to8_init2,2,,,results/models,40,256,True,trades,l2,,8,,,,,,true,true,true,true,warmup_ramp_fixed,4,8,4,5,25,26
convnext_base_l2trades_cont8to12_init2,convnext_base,2,trades,continuation,,convnext_base_l2trades_cont4to8_init2,l2,12,243,cont 8->12 from convnext_base_l2trades_cont4to8_init2 (continuation),convnext_base,convnext_base_l2trades_cont8to12_init2,2,,,results/models,50,256,True,trades,l2,,12,,,,,,true,true,true,true,warmup_ramp_fixed,8,12,4,5,35,36
convnext_base_linftrades_1_init2,convnext_base,2,trades,scratch,,,linf,1,244,trades linf eps1 scratch,convnext_base,convnext_base_linftrades_1_init2,2,,,results/models,150,256,True,trades,linf,,1,,,,,,,,true,,,,,,,,
convnext_base_linftrades_2_init2,convnext_base,2,trades,scratch,,,linf,2,245,trades linf eps2 scratch,convnext_base,convnext_base_linftrades_2_init2,2,,,results/models,150,256,True,trades,linf,,2,,,,,,,,true,,,,,,,,
convnext_base_linftrades_4_init2,convnext_base,2,trades,scratch,,,linf,4,246,trades linf eps4 scratch,convnext_base,convnext_base_linftrades_4_init2,2,,,results/models,150,256,True,trades,linf,,4,,,,,,,,true,,,,,,,,
convnext_base_linftrades_cont4to6_init2,convnext_base,2,trades,continuation,,convnext_base_linftrades_4_init2,linf,6,247,cont 4->6 from convnext_base_linftrades_4_init2 (continuation),convnext_base,convnext_base_linftrades_cont4to6_init2,2,,,results/models,40,256,True,trades,linf,,6,,,,,,true,true,true,true,warmup_ramp_fixed,4,6,4,5,25,26
convnext_base_linftrades_cont4to8_init2,convnext_base,2,trades,continuation,,convnext_base_linftrades_4_init2,linf,8,248,cont 4->8 from convnext_base_linftrades_4_init2 (continuation),convnext_base,convnext_base_linftrades_cont4to8_init2,2,,,results/models,40,256,True,trades,linf,,8,,,,,,true,true,true,true,warmup_ramp_fixed,4,8,4,5,25,26
convnext_base_linftrades_cont8to12_init2,convnext_base,2,trades,continuation,,convnext_base_linftrades_cont4to8_init2,linf,12,249,cont 8->12 from convnext_base_linftrades_cont4to8_init2 (continuation),convnext_base,convnext_base_linftrades_cont8to12_init2,2,,,results/models,50,256,True,trades,linf,,12,,,,,,true,true,true,true,warmup_ramp_fixed,8,12,4,5,35,36
convnext_base_dvd_b_l1_1_init2,convnext_base,2,madry,scratch,,,l1,1,250,madry+dvd_b l1 eps1 scratch,convnext_base,convnext_base_dvd_b_l1_1_init2,2,,True,results/models,200,512,True,madry,l1,,1,,,,true,dvd-b,,,true,,,,,,,,
convnext_base_dvd_b_l1_2_init2,convnext_base,2,madry,scratch,,,l1,2,251,madry+dvd_b l1 eps2 scratch,convnext_base,convnext_base_dvd_b_l1_2_init2,2,,True,results/models,200,512,True,madry,l1,,2,,,,true,dvd-b,,,true,,,,,,,,
convnext_base_dvd_b_l1_4_init2,convnext_base,2,madry,scratch,,,l1,4,252,madry+dvd_b l1 eps4 scratch,convnext_base,convnext_base_dvd_b_l1_4_init2,2,,True,results/models,200,512,True,madry,l1,,4,,,,true,dvd-b,,,true,,,,,,,,
convnext_base_dvd_b_l1_cont4to6_init2_resetepoch,convnext_base,2,madry,continuation,resetepoch,convnext_base_dvd_b_l1_4_init2,l1,6,253,cont 4->6 from convnext_base_dvd_b_l1_4_init2 (continuation),convnext_base,convnext_base_dvd_b_l1_cont4to6_init2_resetepoch,2,,True,results/models,40,512,True,madry,l1,,6,,,,true,dvd-b,true,true,true,true,warmup_ramp_fixed,4,6,4,5,25,26
convnext_base_dvd_b_l1_cont4to8_init2_resetepoch,convnext_base,2,madry,continuation,resetepoch,convnext_base_dvd_b_l1_4_init2,l1,8,254,cont 4->8 from convnext_base_dvd_b_l1_4_init2 (continuation),convnext_base,convnext_base_dvd_b_l1_cont4to8_init2_resetepoch,2,,True,results/models,40,512,True,madry,l1,,8,,,,true,dvd-b,true,true,true,true,warmup_ramp_fixed,4,8,4,5,25,26
convnext_base_dvd_b_l1_cont8to12_init2_resetepoch,convnext_base,2,madry,continuation,resetepoch,convnext_base_dvd_b_l1_cont4to8_init2_resetepoch,l1,12,255,cont 8->12 from convnext_base_dvd_b_l1_cont4to8_init2_resetepoch (continuation),convnext_base,convnext_base_dvd_b_l1_cont8to12_init2_resetepoch,2,,True,results/models,50,512,True,madry,l1,,12,,,,true,dvd-b,true,true,true,true,warmup_ramp_fixed,8,12,4,5,35,36
convnext_base_dvd_b_l1_cont4to6_init2_contepoch,convnext_base,2,madry,resume,contepoch,convnext_base_dvd_b_l1_4_init2,l1,6,256,cont 4->6 from convnext_base_dvd_b_l1_4_init2 (resume),convnext_base,convnext_base_dvd_b_l1_cont4to6_init2_contepoch,2,,True,results/models,240,512,True,madry,l1,,6,,,,true,dvd-b,,true,true,true,warmup_ramp_fixed,4,6,204,205,225,226
convnext_base_dvd_b_l1_cont4to8_init2_contepoch,convnext_base,2,madry,resume,contepoch,convnext_base_dvd_b_l1_4_init2,l1,8,257,cont 4->8 from convnext_base_dvd_b_l1_4_init2 (resume),convnext_base,convnext_base_dvd_b_l1_cont4to8_init2_contepoch,2,,True,results/models,240,512,True,madry,l1,,8,,,,true,dvd-b,,true,true,true,warmup_ramp_fixed,4,8,204,205,225,226
convnext_base_dvd_b_l1_cont8to12_init2_contepoch,convnext_base,2,madry,resume,contepoch,convnext_base_dvd_b_l1_cont4to8_init2_contepoch,l1,12,258,cont 8->12 from convnext_base_dvd_b_l1_cont4to8_init2_contepoch (resume),convnext_base,convnext_base_dvd_b_l1_cont8to12_init2_contepoch,2,,True,results/models,290,512,True,madry,l1,,12,,,,true,dvd-b,,true,true,true,warmup_ramp_fixed,8,12,244,245,275,276
convnext_base_dvd_b_l2_1_init2,convnext_base,2,madry,scratch,,,l2,1,259,madry+dvd_b l2 eps1 scratch,convnext_base,convnext_base_dvd_b_l2_1_init2,2,,True,results/models,200,512,True,madry,l2,,1,,,,true,dvd-b,,,true,,,,,,,,
convnext_base_dvd_b_l2_2_init2,convnext_base,2,madry,scratch,,,l2,2,260,madry+dvd_b l2 eps2 scratch,convnext_base,convnext_base_dvd_b_l2_2_init2,2,,True,results/models,200,512,True,madry,l2,,2,,,,true,dvd-b,,,true,,,,,,,,
convnext_base_dvd_b_l2_4_init2,convnext_base,2,madry,scratch,,,l2,4,261,madry+dvd_b l2 eps4 scratch,convnext_base,convnext_base_dvd_b_l2_4_init2,2,,True,results/models,200,512,True,madry,l2,,4,,,,true,dvd-b,,,true,,,,,,,,
convnext_base_dvd_b_l2_cont4to6_init2_resetepoch,convnext_base,2,madry,continuation,resetepoch,convnext_base_dvd_b_l2_4_init2,l2,6,262,cont 4->6 from convnext_base_dvd_b_l2_4_init2 (continuation),convnext_base,convnext_base_dvd_b_l2_cont4to6_init2_resetepoch,2,,True,results/models,40,512,True,madry,l2,,6,,,,true,dvd-b,true,true,true,true,warmup_ramp_fixed,4,6,4,5,25,26
convnext_base_dvd_b_l2_cont4to8_init2_resetepoch,convnext_base,2,madry,continuation,resetepoch,convnext_base_dvd_b_l2_4_init2,l2,8,263,cont 4->8 from convnext_base_dvd_b_l2_4_init2 (continuation),convnext_base,convnext_base_dvd_b_l2_cont4to8_init2_resetepoch,2,,True,results/models,40,512,True,madry,l2,,8,,,,true,dvd-b,true,true,true,true,warmup_ramp_fixed,4,8,4,5,25,26
convnext_base_dvd_b_l2_cont8to12_init2_resetepoch,convnext_base,2,madry,continuation,resetepoch,convnext_base_dvd_b_l2_cont4to8_init2_resetepoch,l2,12,264,cont 8->12 from convnext_base_dvd_b_l2_cont4to8_init2_resetepoch (continuation),convnext_base,convnext_base_dvd_b_l2_cont8to12_init2_resetepoch,2,,True,results/models,50,512,True,madry,l2,,12,,,,true,dvd-b,true,true,true,true,warmup_ramp_fixed,8,12,4,5,35,36
convnext_base_dvd_b_l2_cont4to6_init2_contepoch,convnext_base,2,madry,resume,contepoch,convnext_base_dvd_b_l2_4_init2,l2,6,265,cont 4->6 from convnext_base_dvd_b_l2_4_init2 (resume),convnext_base,convnext_base_dvd_b_l2_cont4to6_init2_contepoch,2,,True,results/models,240,512,True,madry,l2,,6,,,,true,dvd-b,,true,true,true,warmup_ramp_fixed,4,6,204,205,225,226
convnext_base_dvd_b_l2_cont4to8_init2_contepoch,convnext_base,2,madry,resume,contepoch,convnext_base_dvd_b_l2_4_init2,l2,8,266,cont 4->8 from convnext_base_dvd_b_l2_4_init2 (resume),convnext_base,convnext_base_dvd_b_l2_cont4to8_init2_contepoch,2,,True,results/models,240,512,True,madry,l2,,8,,,,true,dvd-b,,true,true,true,warmup_ramp_fixed,4,8,204,205,225,226
convnext_base_dvd_b_l2_cont8to12_init2_contepoch,convnext_base,2,madry,resume,contepoch,convnext_base_dvd_b_l2_cont4to8_init2_contepoch,l2,12,267,cont 8->12 from convnext_base_dvd_b_l2_cont4to8_init2_contepoch (resume),convnext_base,convnext_base_dvd_b_l2_cont8to12_init2_contepoch,2,,True,results/models,290,512,True,madry,l2,,12,,,,true,dvd-b,,true,true,true,warmup_ramp_fixed,8,12,244,245,275,276
convnext_base_dvd_b_linf_1_init2,convnext_base,2,madry,scratch,,,linf,1,268,madry+dvd_b linf eps1 scratch,convnext_base,convnext_base_dvd_b_linf_1_init2,2,,True,results/models,200,512,True,madry,linf,,1,,,,true,dvd-b,,,true,,,,,,,,
convnext_base_dvd_b_linf_2_init2,convnext_base,2,madry,scratch,,,linf,2,269,madry+dvd_b linf eps2 scratch,convnext_base,convnext_base_dvd_b_linf_2_init2,2,,True,results/models,200,512,True,madry,linf,,2,,,,true,dvd-b,,,true,,,,,,,,
convnext_base_dvd_b_linf_4_init2,convnext_base,2,madry,scratch,,,linf,4,270,madry+dvd_b linf eps4 scratch,convnext_base,convnext_base_dvd_b_linf_4_init2,2,,True,results/models,200,512,True,madry,linf,,4,,,,true,dvd-b,,,true,,,,,,,,
convnext_base_dvd_b_linf_cont4to6_init2_resetepoch,convnext_base,2,madry,continuation,resetepoch,convnext_base_dvd_b_linf_4_init2,linf,6,271,cont 4->6 from convnext_base_dvd_b_linf_4_init2 (continuation),convnext_base,convnext_base_dvd_b_linf_cont4to6_init2_resetepoch,2,,True,results/models,40,512,True,madry,linf,,6,,,,true,dvd-b,true,true,true,true,warmup_ramp_fixed,4,6,4,5,25,26
convnext_base_dvd_b_linf_cont4to8_init2_resetepoch,convnext_base,2,madry,continuation,resetepoch,convnext_base_dvd_b_linf_4_init2,linf,8,272,cont 4->8 from convnext_base_dvd_b_linf_4_init2 (continuation),convnext_base,convnext_base_dvd_b_linf_cont4to8_init2_resetepoch,2,,True,results/models,40,512,True,madry,linf,,8,,,,true,dvd-b,true,true,true,true,warmup_ramp_fixed,4,8,4,5,25,26
convnext_base_dvd_b_linf_cont8to12_init2_resetepoch,convnext_base,2,madry,continuation,resetepoch,convnext_base_dvd_b_linf_cont4to8_init2_resetepoch,linf,12,273,cont 8->12 from convnext_base_dvd_b_linf_cont4to8_init2_resetepoch (continuation),convnext_base,convnext_base_dvd_b_linf_cont8to12_init2_resetepoch,2,,True,results/models,50,512,True,madry,linf,,12,,,,true,dvd-b,true,true,true,true,warmup_ramp_fixed,8,12,4,5,35,36
convnext_base_dvd_b_linf_cont4to6_init2_contepoch,convnext_base,2,madry,resume,contepoch,convnext_base_dvd_b_linf_4_init2,linf,6,274,cont 4->6 from convnext_base_dvd_b_linf_4_init2 (resume),convnext_base,convnext_base_dvd_b_linf_cont4to6_init2_contepoch,2,,True,results/models,240,512,True,madry,linf,,6,,,,true,dvd-b,,true,true,true,warmup_ramp_fixed,4,6,204,205,225,226
convnext_base_dvd_b_linf_cont4to8_init2_contepoch,convnext_base,2,madry,resume,contepoch,convnext_base_dvd_b_linf_4_init2,linf,8,275,cont 4->8 from convnext_base_dvd_b_linf_4_init2 (resume),convnext_base,convnext_base_dvd_b_linf_cont4to8_init2_contepoch,2,,True,results/models,240,512,True,madry,linf,,8,,,,true,dvd-b,,true,true,true,warmup_ramp_fixed,4,8,204,205,225,226
convnext_base_dvd_b_linf_cont8to12_init2_contepoch,convnext_base,2,madry,resume,contepoch,convnext_base_dvd_b_linf_cont4to8_init2_contepoch,linf,12,276,cont 8->12 from convnext_base_dvd_b_linf_cont4to8_init2_contepoch (resume),convnext_base,convnext_base_dvd_b_linf_cont8to12_init2_contepoch,2,,True,results/models,290,512,True,madry,linf,,12,,,,true,dvd-b,,true,true,true,warmup_ramp_fixed,8,12,244,245,275,276
convnext_base_dvd_b_l1trades_1_init2,convnext_base,2,trades,scratch,,,l1,1,277,trades+dvd_b l1 eps1 scratch,convnext_base,convnext_base_dvd_b_l1trades_1_init2,2,,,results/models,200,256,True,trades,l1,,1,,,,true,dvd-b,,,true,,,,,,,,
convnext_base_dvd_b_l1trades_2_init2,convnext_base,2,trades,scratch,,,l1,2,278,trades+dvd_b l1 eps2 scratch,convnext_base,convnext_base_dvd_b_l1trades_2_init2,2,,,results/models,200,256,True,trades,l1,,2,,,,true,dvd-b,,,true,,,,,,,,
convnext_base_dvd_b_l1trades_4_init2,convnext_base,2,trades,scratch,,,l1,4,279,trades+dvd_b l1 eps4 scratch,convnext_base,convnext_base_dvd_b_l1trades_4_init2,2,,,results/models,200,256,True,trades,l1,,4,,,,true,dvd-b,,,true,,,,,,,,
convnext_base_dvd_b_l1trades_cont4to6_init2_resetepoch,convnext_base,2,trades,continuation,resetepoch,convnext_base_dvd_b_l1trades_4_init2,l1,6,280,cont 4->6 from convnext_base_dvd_b_l1trades_4_init2 (continuation),convnext_base,convnext_base_dvd_b_l1trades_cont4to6_init2_resetepoch,2,,,results/models,40,256,True,trades,l1,,6,,,,true,dvd-b,true,true,true,true,warmup_ramp_fixed,4,6,4,5,25,26
convnext_base_dvd_b_l1trades_cont4to8_init2_resetepoch,convnext_base,2,trades,continuation,resetepoch,convnext_base_dvd_b_l1trades_4_init2,l1,8,281,cont 4->8 from convnext_base_dvd_b_l1trades_4_init2 (continuation),convnext_base,convnext_base_dvd_b_l1trades_cont4to8_init2_resetepoch,2,,,results/models,40,256,True,trades,l1,,8,,,,true,dvd-b,true,true,true,true,warmup_ramp_fixed,4,8,4,5,25,26
convnext_base_dvd_b_l1trades_cont8to12_init2_resetepoch,convnext_base,2,trades,continuation,resetepoch,convnext_base_dvd_b_l1trades_cont4to8_init2_resetepoch,l1,12,282,cont 8->12 from convnext_base_dvd_b_l1trades_cont4to8_init2_resetepoch (continuation),convnext_base,convnext_base_dvd_b_l1trades_cont8to12_init2_resetepoch,2,,,results/models,50,256,True,trades,l1,,12,,,,true,dvd-b,true,true,true,true,warmup_ramp_fixed,8,12,4,5,35,36
convnext_base_dvd_b_l1trades_cont4to6_init2_contepoch,convnext_base,2,trades,resume,contepoch,convnext_base_dvd_b_l1trades_4_init2,l1,6,283,cont 4->6 from convnext_base_dvd_b_l1trades_4_init2 (resume),convnext_base,convnext_base_dvd_b_l1trades_cont4to6_init2_contepoch,2,,,results/models,240,256,True,trades,l1,,6,,,,true,dvd-b,,true,true,true,warmup_ramp_fixed,4,6,204,205,225,226
convnext_base_dvd_b_l1trades_cont4to8_init2_contepoch,convnext_base,2,trades,resume,contepoch,convnext_base_dvd_b_l1trades_4_init2,l1,8,284,cont 4->8 from convnext_base_dvd_b_l1trades_4_init2 (resume),convnext_base,convnext_base_dvd_b_l1trades_cont4to8_init2_contepoch,2,,,results/models,240,256,True,trades,l1,,8,,,,true,dvd-b,,true,true,true,warmup_ramp_fixed,4,8,204,205,225,226
convnext_base_dvd_b_l1trades_cont8to12_init2_contepoch,convnext_base,2,trades,resume,contepoch,convnext_base_dvd_b_l1trades_cont4to8_init2_contepoch,l1,12,285,cont 8->12 from convnext_base_dvd_b_l1trades_cont4to8_init2_contepoch (resume),convnext_base,convnext_base_dvd_b_l1trades_cont8to12_init2_contepoch,2,,,results/models,290,256,True,trades,l1,,12,,,,true,dvd-b,,true,true,true,warmup_ramp_fixed,8,12,244,245,275,276
convnext_base_dvd_b_l2trades_1_init2,convnext_base,2,trades,scratch,,,l2,1,286,trades+dvd_b l2 eps1 scratch,convnext_base,convnext_base_dvd_b_l2trades_1_init2,2,,,results/models,200,256,True,trades,l2,,1,,,,true,dvd-b,,,true,,,,,,,,
convnext_base_dvd_b_l2trades_2_init2,convnext_base,2,trades,scratch,,,l2,2,287,trades+dvd_b l2 eps2 scratch,convnext_base,convnext_base_dvd_b_l2trades_2_init2,2,,,results/models,200,256,True,trades,l2,,2,,,,true,dvd-b,,,true,,,,,,,,
convnext_base_dvd_b_l2trades_4_init2,convnext_base,2,trades,scratch,,,l2,4,288,trades+dvd_b l2 eps4 scratch,convnext_base,convnext_base_dvd_b_l2trades_4_init2,2,,,results/models,200,256,True,trades,l2,,4,,,,true,dvd-b,,,true,,,,,,,,
convnext_base_dvd_b_l2trades_cont4to6_init2_resetepoch,convnext_base,2,trades,continuation,resetepoch,convnext_base_dvd_b_l2trades_4_init2,l2,6,289,cont 4->6 from convnext_base_dvd_b_l2trades_4_init2 (continuation),convnext_base,convnext_base_dvd_b_l2trades_cont4to6_init2_resetepoch,2,,,results/models,40,256,True,trades,l2,,6,,,,true,dvd-b,true,true,true,true,warmup_ramp_fixed,4,6,4,5,25,26
convnext_base_dvd_b_l2trades_cont4to8_init2_resetepoch,convnext_base,2,trades,continuation,resetepoch,convnext_base_dvd_b_l2trades_4_init2,l2,8,290,cont 4->8 from convnext_base_dvd_b_l2trades_4_init2 (continuation),convnext_base,convnext_base_dvd_b_l2trades_cont4to8_init2_resetepoch,2,,,results/models,40,256,True,trades,l2,,8,,,,true,dvd-b,true,true,true,true,warmup_ramp_fixed,4,8,4,5,25,26
convnext_base_dvd_b_l2trades_cont8to12_init2_resetepoch,convnext_base,2,trades,continuation,resetepoch,convnext_base_dvd_b_l2trades_cont4to8_init2_resetepoch,l2,12,291,cont 8->12 from convnext_base_dvd_b_l2trades_cont4to8_init2_resetepoch (continuation),convnext_base,convnext_base_dvd_b_l2trades_cont8to12_init2_resetepoch,2,,,results/models,50,256,True,trades,l2,,12,,,,true,dvd-b,true,true,true,true,warmup_ramp_fixed,8,12,4,5,35,36
convnext_base_dvd_b_l2trades_cont4to6_init2_contepoch,convnext_base,2,trades,resume,contepoch,convnext_base_dvd_b_l2trades_4_init2,l2,6,292,cont 4->6 from convnext_base_dvd_b_l2trades_4_init2 (resume),convnext_base,convnext_base_dvd_b_l2trades_cont4to6_init2_contepoch,2,,,results/models,240,256,True,trades,l2,,6,,,,true,dvd-b,,true,true,true,warmup_ramp_fixed,4,6,204,205,225,226
convnext_base_dvd_b_l2trades_cont4to8_init2_contepoch,convnext_base,2,trades,resume,contepoch,convnext_base_dvd_b_l2trades_4_init2,l2,8,293,cont 4->8 from convnext_base_dvd_b_l2trades_4_init2 (resume),convnext_base,convnext_base_dvd_b_l2trades_cont4to8_init2_contepoch,2,,,results/models,240,256,True,trades,l2,,8,,,,true,dvd-b,,true,true,true,warmup_ramp_fixed,4,8,204,205,225,226
convnext_base_dvd_b_l2trades_cont8to12_init2_contepoch,convnext_base,2,trades,resume,contepoch,convnext_base_dvd_b_l2trades_cont4to8_init2_contepoch,l2,12,294,cont 8->12 from convnext_base_dvd_b_l2trades_cont4to8_init2_contepoch (resume),convnext_base,convnext_base_dvd_b_l2trades_cont8to12_init2_contepoch,2,,,results/models,290,256,True,trades,l2,,12,,,,true,dvd-b,,true,true,true,warmup_ramp_fixed,8,12,244,245,275,276
convnext_base_dvd_b_linftrades_1_init2,convnext_base,2,trades,scratch,,,linf,1,295,trades+dvd_b linf eps1 scratch,convnext_base,convnext_base_dvd_b_linftrades_1_init2,2,,,results/models,200,256,True,trades,linf,,1,,,,true,dvd-b,,,true,,,,,,,,
convnext_base_dvd_b_linftrades_2_init2,convnext_base,2,trades,scratch,,,linf,2,296,trades+dvd_b linf eps2 scratch,convnext_base,convnext_base_dvd_b_linftrades_2_init2,2,,,results/models,200,256,True,trades,linf,,2,,,,true,dvd-b,,,true,,,,,,,,
convnext_base_dvd_b_linftrades_4_init2,convnext_base,2,trades,scratch,,,linf,4,297,trades+dvd_b linf eps4 scratch,convnext_base,convnext_base_dvd_b_linftrades_4_init2,2,,,results/models,200,256,True,trades,linf,,4,,,,true,dvd-b,,,true,,,,,,,,
convnext_base_dvd_b_linftrades_cont4to6_init2_resetepoch,convnext_base,2,trades,continuation,resetepoch,convnext_base_dvd_b_linftrades_4_init2,linf,6,298,cont 4->6 from convnext_base_dvd_b_linftrades_4_init2 (continuation),convnext_base,convnext_base_dvd_b_linftrades_cont4to6_init2_resetepoch,2,,,results/models,40,256,True,trades,linf,,6,,,,true,dvd-b,true,true,true,true,warmup_ramp_fixed,4,6,4,5,25,26
convnext_base_dvd_b_linftrades_cont4to8_init2_resetepoch,convnext_base,2,trades,continuation,resetepoch,convnext_base_dvd_b_linftrades_4_init2,linf,8,299,cont 4->8 from convnext_base_dvd_b_linftrades_4_init2 (continuation),convnext_base,convnext_base_dvd_b_linftrades_cont4to8_init2_resetepoch,2,,,results/models,40,256,True,trades,linf,,8,,,,true,dvd-b,true,true,true,true,warmup_ramp_fixed,4,8,4,5,25,26
convnext_base_dvd_b_linftrades_cont8to12_init2_resetepoch,convnext_base,2,trades,continuation,resetepoch,convnext_base_dvd_b_linftrades_cont4to8_init2_resetepoch,linf,12,300,cont 8->12 from convnext_base_dvd_b_linftrades_cont4to8_init2_resetepoch (continuation),convnext_base,convnext_base_dvd_b_linftrades_cont8to12_init2_resetepoch,2,,,results/models,50,256,True,trades,linf,,12,,,,true,dvd-b,true,true,true,true,warmup_ramp_fixed,8,12,4,5,35,36
convnext_base_dvd_b_linftrades_cont4to6_init2_contepoch,convnext_base,2,trades,resume,contepoch,convnext_base_dvd_b_linftrades_4_init2,linf,6,301,cont 4->6 from convnext_base_dvd_b_linftrades_4_init2 (resume),convnext_base,convnext_base_dvd_b_linftrades_cont4to6_init2_contepoch,2,,,results/models,240,256,True,trades,linf,,6,,,,true,dvd-b,,true,true,true,warmup_ramp_fixed,4,6,204,205,225,226
convnext_base_dvd_b_linftrades_cont4to8_init2_contepoch,convnext_base,2,trades,resume,contepoch,convnext_base_dvd_b_linftrades_4_init2,linf,8,302,cont 4->8 from convnext_base_dvd_b_linftrades_4_init2 (resume),convnext_base,convnext_base_dvd_b_linftrades_cont4to8_init2_contepoch,2,,,results/models,240,256,True,trades,linf,,8,,,,true,dvd-b,,true,true,true,warmup_ramp_fixed,4,8,204,205,225,226
convnext_base_dvd_b_linftrades_cont8to12_init2_contepoch,convnext_base,2,trades,resume,contepoch,convnext_base_dvd_b_linftrades_cont4to8_init2_contepoch,linf,12,303,cont 8->12 from convnext_base_dvd_b_linftrades_cont4to8_init2_contepoch (resume),convnext_base,convnext_base_dvd_b_linftrades_cont8to12_init2_contepoch,2,,,results/models,290,256,True,trades,linf,,12,,,,true,dvd-b,,true,true,true,warmup_ramp_fixed,8,12,244,245,275,276
convnext_base_v1_l2_1_init2,convnext_base,2,v1,scratch,,,l2,1,304,v1 l2 eps1 scratch,convnext_base_v1,convnext_base_v1_l2_1_init2,2,null,,results/models,150,256,True,madry,l2,v1_feature,,1,,,,,,,true,,,,,,,,
convnext_base_v1_l2_2_init2,convnext_base,2,v1,scratch,,,l2,2,305,v1 l2 eps2 scratch,convnext_base_v1,convnext_base_v1_l2_2_init2,2,null,,results/models,150,256,True,madry,l2,v1_feature,,2,,,,,,,true,,,,,,,,
convnext_base_v1_l2_4_init2,convnext_base,2,v1,scratch,,,l2,4,306,v1 l2 eps4 scratch,convnext_base_v1,convnext_base_v1_l2_4_init2,2,null,,results/models,150,256,True,madry,l2,v1_feature,,4,,,,,,,true,,,,,,,,
convnext_base_v1_l2_cont4to6_init2,convnext_base,2,v1,continuation,,convnext_base_v1_l2_4_init2,l2,6,307,v1 cont 4->6 from convnext_base_v1_l2_4_init2,convnext_base_v1,convnext_base_v1_l2_cont4to6_init2,2,null,,results/models,40,256,True,madry,l2,v1_feature,,6,,,,,true,true,true,true,warmup_ramp_fixed,4,6,4,5,25,26
convnext_base_v1_l2_cont4to8_init2,convnext_base,2,v1,continuation,,convnext_base_v1_l2_4_init2,l2,8,308,v1 cont 4->8 from convnext_base_v1_l2_4_init2,convnext_base_v1,convnext_base_v1_l2_cont4to8_init2,2,null,,results/models,40,256,True,madry,l2,v1_feature,,8,,,,,true,true,true,true,warmup_ramp_fixed,4,8,4,5,25,26
convnext_base_v1_l2_cont8to12_init2,convnext_base,2,v1,continuation,,convnext_base_v1_l2_cont4to8_init2,l2,12,309,v1 cont 8->12 from convnext_base_v1_l2_cont4to8_init2,convnext_base_v1,convnext_base_v1_l2_cont8to12_init2,2,null,,results/models,50,256,True,madry,l2,v1_feature,,12,,,,,true,true,true,true,warmup_ramp_fixed,8,12,4,5,35,36
convnext_base_gradnorm_l1_1_init2,convnext_base,2,gradnorm,resume,,convnext_base_baseline_init2,linf,1,310,gradnorm l1 eps1 resume from convnext_base_baseline_init2 (150->200),convnext_base,convnext_base_gradnorm_l1_1_init2,2,,,results/models,200,256,,,,,1,,True,l1,,,,,true,,,,,,,,
convnext_base_gradnorm_l1_2_init2,convnext_base,2,gradnorm,resume,,convnext_base_baseline_init2,linf,2,311,gradnorm l1 eps2 resume from convnext_base_baseline_init2 (150->200),convnext_base,convnext_base_gradnorm_l1_2_init2,2,,,results/models,200,256,,,,,2,,True,l1,,,,,true,,,,,,,,
convnext_base_gradnorm_l1_4_init2,convnext_base,2,gradnorm,resume,,convnext_base_baseline_init2,linf,4,312,gradnorm l1 eps4 resume from convnext_base_baseline_init2 (150->200),convnext_base,convnext_base_gradnorm_l1_4_init2,2,,,results/models,200,256,,,,,4,,True,l1,,,,,true,,,,,,,,
convnext_base_gradnorm_l1_6_init2,convnext_base,2,gradnorm,resume,,convnext_base_baseline_init2,linf,6,313,gradnorm l1 eps6 resume from convnext_base_baseline_init2 (150->200),convnext_base,convnext_base_gradnorm_l1_6_init2,2,,,results/models,200,256,,,,,6,,True,l1,,,,,true,,,,,,,,
convnext_base_gradnorm_l1_8_init2,convnext_base,2,gradnorm,resume,,convnext_base_baseline_init2,linf,8,314,gradnorm l1 eps8 resume from convnext_base_baseline_init2 (150->200),convnext_base,convnext_base_gradnorm_l1_8_init2,2,,,results/models,200,256,,,,,8,,True,l1,,,,,true,,,,,,,,
convnext_base_gradnorm_l1_12_init2,convnext_base,2,gradnorm,resume,,convnext_base_baseline_init2,linf,12,315,gradnorm l1 eps12 resume from convnext_base_baseline_init2 (150->200),convnext_base,convnext_base_gradnorm_l1_12_init2,2,,,results/models,200,256,,,,,12,,True,l1,,,,,true,,,,,,,,
convnext_base_v1_clean_init2,convnext_base,2,v1_clean,scratch,,,,,316,"clean v1 (no adv, no noise)",convnext_base_v1,convnext_base_v1_clean_init2,2,null,,results/models,150,256,False,,,,,,,,,,,,,,,,,,,,
convnext_base_v1_noise_init2,convnext_base,2,v1_noise,scratch,,,,,317,"clean v1 + V1 noise (neuronal), no adv",convnext_base_v1,convnext_base_v1_noise_init2,2,neuronal,,results/models,150,256,False,,,,,,,,,,,,,,,,,,,,
