timestamp,model_name,checkpoint_path,category,train_norm,init,attack_norm,epsilon_input,epsilon_eval,attack_steps,attack_step,clean_top1,clean_top5,adv_top1,adv_top5,clean_loss,adv_loss,state_dict_used,_source_csv,_model_dir_name,l1_step_mode,l1_apgd_rho,model_dir,is_baseline,_parsed_category,_parsed_train_norm,_parsed_train_family,_parsed_init,_parsed_train_eps,train_family,train_eps,pgd_constrained_eps,model_id,eval_variant,model_label,plot_category
2026-02-21T13:03:39,model_best,/home/ashtomer/projects/ares/results/models/convnext_small_gradnorm_1_init1/model_best.pth.tar,gradnorm,unknown,1,linf,1.0,0.0039215686274509,10,0.0007843137254901,0.1,0.5,0.1,0.5,6.9353969833374025,6.935397083892823,state_dict_ema,/groups/golan_neurogroup/bml_group/tomerash/advmodels/results/models/convnext_small_gradnorm_1_init1/pgd_eval/pgd_validation_results.csv,convnext_small_gradnorm_1_init1,,,convnext_small_gradnorm_1_init1,False,gradnorm,unknown,gradnorm,1,1.0,gradnorm,1.0,0.00392156862745098,convnext_small_gradnorm_1_init1,linf,eps=1 init 1,gradnorm
2026-02-21T13:51:05,model_best,/home/ashtomer/projects/ares/results/models/convnext_small_gradnorm_1_init1/model_best.pth.tar,gradnorm,unknown,1,linf,2.0,0.0078431372549019,10,0.0015686274509803,0.1,0.5,0.1,0.5,6.9353969833374025,6.935397154846191,state_dict_ema,/groups/golan_neurogroup/bml_group/tomerash/advmodels/results/models/convnext_small_gradnorm_1_init1/pgd_eval/pgd_validation_results.csv,convnext_small_gradnorm_1_init1,,,convnext_small_gradnorm_1_init1,False,gradnorm,unknown,gradnorm,1,1.0,gradnorm,1.0,0.00784313725490196,convnext_small_gradnorm_1_init1,linf,eps=1 init 1,gradnorm
2026-02-21T14:38:27,model_best,/home/ashtomer/projects/ares/results/models/convnext_small_gradnorm_1_init1/model_best.pth.tar,gradnorm,unknown,1,linf,4.0,0.0156862745098039,10,0.0031372549019607,0.1,0.5,0.1,0.5,6.9353969833374025,6.935397378387451,state_dict_ema,/groups/golan_neurogroup/bml_group/tomerash/advmodels/results/models/convnext_small_gradnorm_1_init1/pgd_eval/pgd_validation_results.csv,convnext_small_gradnorm_1_init1,,,convnext_small_gradnorm_1_init1,False,gradnorm,unknown,gradnorm,1,1.0,gradnorm,1.0,0.01568627450980392,convnext_small_gradnorm_1_init1,linf,eps=1 init 1,gradnorm
2026-02-21T15:25:35,model_best,/home/ashtomer/projects/ares/results/models/convnext_small_gradnorm_1_init1/model_best.pth.tar,gradnorm,unknown,1,linf,8.0,0.0313725490196078,10,0.0062745098039215,0.1,0.5,0.1,0.5,6.9353969833374025,6.935397929840088,state_dict_ema,/groups/golan_neurogroup/bml_group/tomerash/advmodels/results/models/convnext_small_gradnorm_1_init1/pgd_eval/pgd_validation_results.csv,convnext_small_gradnorm_1_init1,,,convnext_small_gradnorm_1_init1,False,gradnorm,unknown,gradnorm,1,1.0,gradnorm,1.0,0.03137254901960784,convnext_small_gradnorm_1_init1,linf,eps=1 init 1,gradnorm
2026-02-21T16:13:02,model_best,/home/ashtomer/projects/ares/results/models/convnext_small_gradnorm_1_init1/model_best.pth.tar,gradnorm,unknown,1,linf,16.0,0.0627450980392156,10,0.0125490196078431,0.1,0.5,0.1,0.5,6.9353969833374025,6.93539895324707,state_dict_ema,/groups/golan_neurogroup/bml_group/tomerash/advmodels/results/models/convnext_small_gradnorm_1_init1/pgd_eval/pgd_validation_results.csv,convnext_small_gradnorm_1_init1,,,convnext_small_gradnorm_1_init1,False,gradnorm,unknown,gradnorm,1,1.0,gradnorm,1.0,0.06274509803921569,convnext_small_gradnorm_1_init1,linf,eps=1 init 1,gradnorm
2026-02-21T17:48:00,model_best,/home/ashtomer/projects/ares/results/models/convnext_small_gradnorm_1_init1/model_best.pth.tar,gradnorm,unknown,1,l2,1.0,1.0,10,0.2,0.1,0.5,0.1,0.5,6.9353969833374025,6.935397023010254,state_dict_ema,/groups/golan_neurogroup/bml_group/tomerash/advmodels/results/models/convnext_small_gradnorm_1_init1/pgd_eval/pgd_validation_results.csv,convnext_small_gradnorm_1_init1,,,convnext_small_gradnorm_1_init1,False,gradnorm,unknown,gradnorm,1,1.0,gradnorm,1.0,1.0,convnext_small_gradnorm_1_init1,l2,eps=1 init 1,gradnorm
2026-02-21T18:35:10,model_best,/home/ashtomer/projects/ares/results/models/convnext_small_gradnorm_1_init1/model_best.pth.tar,gradnorm,unknown,1,l2,2.0,2.0,10,0.4,0.1,0.5,0.1,0.5,6.9353969833374025,6.935397116394043,state_dict_ema,/groups/golan_neurogroup/bml_group/tomerash/advmodels/results/models/convnext_small_gradnorm_1_init1/pgd_eval/pgd_validation_results.csv,convnext_small_gradnorm_1_init1,,,convnext_small_gradnorm_1_init1,False,gradnorm,unknown,gradnorm,1,1.0,gradnorm,1.0,2.0,convnext_small_gradnorm_1_init1,l2,eps=1 init 1,gradnorm
2026-02-21T19:22:18,model_best,/home/ashtomer/projects/ares/results/models/convnext_small_gradnorm_1_init1/model_best.pth.tar,gradnorm,unknown,1,l2,4.0,4.0,10,0.8,0.1,0.5,0.1,0.5,6.9353969833374025,6.935397374572754,state_dict_ema,/groups/golan_neurogroup/bml_group/tomerash/advmodels/results/models/convnext_small_gradnorm_1_init1/pgd_eval/pgd_validation_results.csv,convnext_small_gradnorm_1_init1,,,convnext_small_gradnorm_1_init1,False,gradnorm,unknown,gradnorm,1,1.0,gradnorm,1.0,4.0,convnext_small_gradnorm_1_init1,l2,eps=1 init 1,gradnorm
2026-02-21T20:09:27,model_best,/home/ashtomer/projects/ares/results/models/convnext_small_gradnorm_1_init1/model_best.pth.tar,gradnorm,unknown,1,l2,8.0,8.0,10,1.6,0.1,0.5,0.1,0.5,6.9353969833374025,6.935397744293213,state_dict_ema,/groups/golan_neurogroup/bml_group/tomerash/advmodels/results/models/convnext_small_gradnorm_1_init1/pgd_eval/pgd_validation_results.csv,convnext_small_gradnorm_1_init1,,,convnext_small_gradnorm_1_init1,False,gradnorm,unknown,gradnorm,1,1.0,gradnorm,1.0,8.0,convnext_small_gradnorm_1_init1,l2,eps=1 init 1,gradnorm
2026-02-21T20:56:52,model_best,/home/ashtomer/projects/ares/results/models/convnext_small_gradnorm_1_init1/model_best.pth.tar,gradnorm,unknown,1,l2,16.0,16.0,10,3.2,0.1,0.5,0.1,0.5,6.9353969833374025,6.935398538360595,state_dict_ema,/groups/golan_neurogroup/bml_group/tomerash/advmodels/results/models/convnext_small_gradnorm_1_init1/pgd_eval/pgd_validation_results.csv,convnext_small_gradnorm_1_init1,,,convnext_small_gradnorm_1_init1,False,gradnorm,unknown,gradnorm,1,1.0,gradnorm,1.0,16.0,convnext_small_gradnorm_1_init1,l2,eps=1 init 1,gradnorm
2026-02-21T22:32:32,model_best,/home/ashtomer/projects/ares/results/models/convnext_small_gradnorm_1_init1/model_best.pth.tar,gradnorm,unknown,1,l1,1.0,127.5,10,25.5,0.1,0.5,0.1,0.5,6.9353969833374025,6.9353974324035645,state_dict_ema,/groups/golan_neurogroup/bml_group/tomerash/advmodels/results/models/convnext_small_gradnorm_1_init1/pgd_eval/pgd_validation_results.csv,convnext_small_gradnorm_1_init1,,,convnext_small_gradnorm_1_init1,False,gradnorm,unknown,gradnorm,1,1.0,gradnorm,1.0,127.5,convnext_small_gradnorm_1_init1,l1,eps=1 init 1,gradnorm
2026-02-21T23:20:08,model_best,/home/ashtomer/projects/ares/results/models/convnext_small_gradnorm_1_init1/model_best.pth.tar,gradnorm,unknown,1,l1,2.0,255.0,10,51.0,0.1,0.5,0.1,0.5,6.9353969833374025,6.935397775268554,state_dict_ema,/groups/golan_neurogroup/bml_group/tomerash/advmodels/results/models/convnext_small_gradnorm_1_init1/pgd_eval/pgd_validation_results.csv,convnext_small_gradnorm_1_init1,,,convnext_small_gradnorm_1_init1,False,gradnorm,unknown,gradnorm,1,1.0,gradnorm,1.0,255.0,convnext_small_gradnorm_1_init1,l1,eps=1 init 1,gradnorm
2026-02-22T00:07:54,model_best,/home/ashtomer/projects/ares/results/models/convnext_small_gradnorm_1_init1/model_best.pth.tar,gradnorm,unknown,1,l1,4.0,510.0,10,102.0,0.1,0.5,0.1,0.5,6.9353969833374025,6.935398196411133,state_dict_ema,/groups/golan_neurogroup/bml_group/tomerash/advmodels/results/models/convnext_small_gradnorm_1_init1/pgd_eval/pgd_validation_results.csv,convnext_small_gradnorm_1_init1,,,convnext_small_gradnorm_1_init1,False,gradnorm,unknown,gradnorm,1,1.0,gradnorm,1.0,510.0,convnext_small_gradnorm_1_init1,l1,eps=1 init 1,gradnorm
2026-02-22T00:55:33,model_best,/home/ashtomer/projects/ares/results/models/convnext_small_gradnorm_1_init1/model_best.pth.tar,gradnorm,unknown,1,l1,8.0,1020.0,10,204.0,0.1,0.5,0.1,0.5,6.9353969833374025,6.935398775024414,state_dict_ema,/groups/golan_neurogroup/bml_group/tomerash/advmodels/results/models/convnext_small_gradnorm_1_init1/pgd_eval/pgd_validation_results.csv,convnext_small_gradnorm_1_init1,,,convnext_small_gradnorm_1_init1,False,gradnorm,unknown,gradnorm,1,1.0,gradnorm,1.0,1020.0,convnext_small_gradnorm_1_init1,l1,eps=1 init 1,gradnorm
2026-02-22T01:43:07,model_best,/home/ashtomer/projects/ares/results/models/convnext_small_gradnorm_1_init1/model_best.pth.tar,gradnorm,unknown,1,l1,16.0,2040.0,10,408.0,0.1,0.5,0.1,0.5,6.9353969833374025,6.935399422912598,state_dict_ema,/groups/golan_neurogroup/bml_group/tomerash/advmodels/results/models/convnext_small_gradnorm_1_init1/pgd_eval/pgd_validation_results.csv,convnext_small_gradnorm_1_init1,,,convnext_small_gradnorm_1_init1,False,gradnorm,unknown,gradnorm,1,1.0,gradnorm,1.0,2040.0,convnext_small_gradnorm_1_init1,l1,eps=1 init 1,gradnorm
2026-03-03T20:52:49,model_best,results/models/convnext_small_gradnorm_1_init2/model_best.pth.tar,gradnorm,unknown,2,linf,1.0,0.0039215686274509,10,0.0007843137254901,0.102,0.542,0.1020000050354004,0.5320000231933594,13.963757257385254,13.967653457946778,state_dict_ema,/groups/golan_neurogroup/bml_group/tomerash/advmodels/results/models/convnext_small_gradnorm_1_init2/pgd_eval/pgd_validation_results.csv,convnext_small_gradnorm_1_init2,,,convnext_small_gradnorm_1_init2,False,gradnorm,unknown,gradnorm,2,1.0,gradnorm,1.0,0.00392156862745098,convnext_small_gradnorm_1_init2,linf,eps=1 init 2,gradnorm
2026-03-03T22:11:20,model_best,results/models/convnext_small_gradnorm_1_init2/model_best.pth.tar,gradnorm,unknown,2,linf,2.0,0.0078431372549019,10,0.0015686274509803,0.102,0.542,0.1020000050354004,0.5280000201416015,13.963757257385254,13.971455129394531,state_dict_ema,/groups/golan_neurogroup/bml_group/tomerash/advmodels/results/models/convnext_small_gradnorm_1_init2/pgd_eval/pgd_validation_results.csv,convnext_small_gradnorm_1_init2,,,convnext_small_gradnorm_1_init2,False,gradnorm,unknown,gradnorm,2,1.0,gradnorm,1.0,0.00784313725490196,convnext_small_gradnorm_1_init2,linf,eps=1 init 2,gradnorm
2026-03-03T23:29:45,model_best,results/models/convnext_small_gradnorm_1_init2/model_best.pth.tar,gradnorm,unknown,2,linf,4.0,0.0156862745098039,10,0.0031372549019607,0.102,0.542,0.1020000050354004,0.5000000244140625,13.963757257385254,13.97905248046875,state_dict_ema,/groups/golan_neurogroup/bml_group/tomerash/advmodels/results/models/convnext_small_gradnorm_1_init2/pgd_eval/pgd_validation_results.csv,convnext_small_gradnorm_1_init2,,,convnext_small_gradnorm_1_init2,False,gradnorm,unknown,gradnorm,2,1.0,gradnorm,1.0,0.01568627450980392,convnext_small_gradnorm_1_init2,linf,eps=1 init 2,gradnorm
2026-03-04T00:48:06,model_best,results/models/convnext_small_gradnorm_1_init2/model_best.pth.tar,gradnorm,unknown,2,linf,8.0,0.0313725490196078,10,0.0062745098039215,0.102,0.542,0.1000000048828125,0.4480000213623047,13.963757257385254,13.99421640777588,state_dict_ema,/groups/golan_neurogroup/bml_group/tomerash/advmodels/results/models/convnext_small_gradnorm_1_init2/pgd_eval/pgd_validation_results.csv,convnext_small_gradnorm_1_init2,,,convnext_small_gradnorm_1_init2,False,gradnorm,unknown,gradnorm,2,1.0,gradnorm,1.0,0.03137254901960784,convnext_small_gradnorm_1_init2,linf,eps=1 init 2,gradnorm
2026-03-04T02:06:32,model_best,results/models/convnext_small_gradnorm_1_init2/model_best.pth.tar,gradnorm,unknown,2,linf,16.0,0.0627450980392156,10,0.0125490196078431,0.102,0.542,0.1000000048828125,0.4200000210571289,13.963757257385254,14.024066265258789,state_dict_ema,/groups/golan_neurogroup/bml_group/tomerash/advmodels/results/models/convnext_small_gradnorm_1_init2/pgd_eval/pgd_validation_results.csv,convnext_small_gradnorm_1_init2,,,convnext_small_gradnorm_1_init2,False,gradnorm,unknown,gradnorm,2,1.0,gradnorm,1.0,0.06274509803921569,convnext_small_gradnorm_1_init2,linf,eps=1 init 2,gradnorm
2026-03-04T04:43:43,model_best,results/models/convnext_small_gradnorm_1_init2/model_best.pth.tar,gradnorm,unknown,2,l2,1.0,1.0,10,0.2,0.102,0.542,0.1020000050354004,0.5340000256347657,13.963757257385254,13.96670904663086,state_dict_ema,/groups/golan_neurogroup/bml_group/tomerash/advmodels/results/models/convnext_small_gradnorm_1_init2/pgd_eval/pgd_validation_results.csv,convnext_small_gradnorm_1_init2,,,convnext_small_gradnorm_1_init2,False,gradnorm,unknown,gradnorm,2,1.0,gradnorm,1.0,1.0,convnext_small_gradnorm_1_init2,l2,eps=1 init 2,gradnorm
2026-03-04T06:02:19,model_best,results/models/convnext_small_gradnorm_1_init2/model_best.pth.tar,gradnorm,unknown,2,l2,2.0,2.0,10,0.4,0.102,0.542,0.1020000050354004,0.5300000225830078,13.963757257385254,13.969565819396973,state_dict_ema,/groups/golan_neurogroup/bml_group/tomerash/advmodels/results/models/convnext_small_gradnorm_1_init2/pgd_eval/pgd_validation_results.csv,convnext_small_gradnorm_1_init2,,,convnext_small_gradnorm_1_init2,False,gradnorm,unknown,gradnorm,2,1.0,gradnorm,1.0,2.0,convnext_small_gradnorm_1_init2,l2,eps=1 init 2,gradnorm
2026-03-04T07:20:58,model_best,results/models/convnext_small_gradnorm_1_init2/model_best.pth.tar,gradnorm,unknown,2,l2,4.0,4.0,10,0.8,0.102,0.542,0.1020000050354004,0.5120000225830078,13.963757257385254,13.975291745910644,state_dict_ema,/groups/golan_neurogroup/bml_group/tomerash/advmodels/results/models/convnext_small_gradnorm_1_init2/pgd_eval/pgd_validation_results.csv,convnext_small_gradnorm_1_init2,,,convnext_small_gradnorm_1_init2,False,gradnorm,unknown,gradnorm,2,1.0,gradnorm,1.0,4.0,convnext_small_gradnorm_1_init2,l2,eps=1 init 2,gradnorm
2026-03-04T08:39:33,model_best,results/models/convnext_small_gradnorm_1_init2/model_best.pth.tar,gradnorm,unknown,2,l2,8.0,8.0,10,1.6,0.102,0.542,0.1000000048828125,0.48400001953125,13.963757257385254,13.986741564331057,state_dict_ema,/groups/golan_neurogroup/bml_group/tomerash/advmodels/results/models/convnext_small_gradnorm_1_init2/pgd_eval/pgd_validation_results.csv,convnext_small_gradnorm_1_init2,,,convnext_small_gradnorm_1_init2,False,gradnorm,unknown,gradnorm,2,1.0,gradnorm,1.0,8.0,convnext_small_gradnorm_1_init2,l2,eps=1 init 2,gradnorm
2026-03-04T09:58:06,model_best,results/models/convnext_small_gradnorm_1_init2/model_best.pth.tar,gradnorm,unknown,2,l2,16.0,16.0,10,3.2,0.102,0.542,0.1000000048828125,0.4280000207519531,13.963757257385254,14.009566413879394,state_dict_ema,/groups/golan_neurogroup/bml_group/tomerash/advmodels/results/models/convnext_small_gradnorm_1_init2/pgd_eval/pgd_validation_results.csv,convnext_small_gradnorm_1_init2,,,convnext_small_gradnorm_1_init2,False,gradnorm,unknown,gradnorm,2,1.0,gradnorm,1.0,16.0,convnext_small_gradnorm_1_init2,l2,eps=1 init 2,gradnorm
2026-03-04T12:36:49,model_best,results/models/convnext_small_gradnorm_1_init2/model_best.pth.tar,gradnorm,unknown,2,l1,1.0,127.5,10,25.5,0.102,0.542,0.1020000050354004,0.5360000244140625,13.963757257385254,13.966718565063475,state_dict_ema,/groups/golan_neurogroup/bml_group/tomerash/advmodels/results/models/convnext_small_gradnorm_1_init2/pgd_eval/pgd_validation_results.csv,convnext_small_gradnorm_1_init2,,,convnext_small_gradnorm_1_init2,False,gradnorm,unknown,gradnorm,2,1.0,gradnorm,1.0,127.5,convnext_small_gradnorm_1_init2,l1,eps=1 init 2,gradnorm
2026-03-04T13:56:19,model_best,results/models/convnext_small_gradnorm_1_init2/model_best.pth.tar,gradnorm,unknown,2,l1,2.0,255.0,10,51.0,0.102,0.542,0.1020000050354004,0.5320000231933594,13.963757257385254,13.96929266052246,state_dict_ema,/groups/golan_neurogroup/bml_group/tomerash/advmodels/results/models/convnext_small_gradnorm_1_init2/pgd_eval/pgd_validation_results.csv,convnext_small_gradnorm_1_init2,,,convnext_small_gradnorm_1_init2,False,gradnorm,unknown,gradnorm,2,1.0,gradnorm,1.0,255.0,convnext_small_gradnorm_1_init2,l1,eps=1 init 2,gradnorm
2026-03-04T15:15:39,model_best,results/models/convnext_small_gradnorm_1_init2/model_best.pth.tar,gradnorm,unknown,2,l1,4.0,510.0,10,102.0,0.102,0.542,0.1020000050354004,0.5280000201416015,13.963757257385254,13.9736299407959,state_dict_ema,/groups/golan_neurogroup/bml_group/tomerash/advmodels/results/models/convnext_small_gradnorm_1_init2/pgd_eval/pgd_validation_results.csv,convnext_small_gradnorm_1_init2,,,convnext_small_gradnorm_1_init2,False,gradnorm,unknown,gradnorm,2,1.0,gradnorm,1.0,510.0,convnext_small_gradnorm_1_init2,l1,eps=1 init 2,gradnorm
2026-03-04T16:35:01,model_best,results/models/convnext_small_gradnorm_1_init2/model_best.pth.tar,gradnorm,unknown,2,l1,8.0,1020.0,10,204.0,0.102,0.542,0.1020000050354004,0.5120000244140624,13.963757257385254,13.980495984191894,state_dict_ema,/groups/golan_neurogroup/bml_group/tomerash/advmodels/results/models/convnext_small_gradnorm_1_init2/pgd_eval/pgd_validation_results.csv,convnext_small_gradnorm_1_init2,,,convnext_small_gradnorm_1_init2,False,gradnorm,unknown,gradnorm,2,1.0,gradnorm,1.0,1020.0,convnext_small_gradnorm_1_init2,l1,eps=1 init 2,gradnorm
2026-03-04T17:54:16,model_best,results/models/convnext_small_gradnorm_1_init2/model_best.pth.tar,gradnorm,unknown,2,l1,16.0,2040.0,10,408.0,0.102,0.542,0.1000000048828125,0.4840000231933594,13.963757257385254,13.98953819580078,state_dict_ema,/groups/golan_neurogroup/bml_group/tomerash/advmodels/results/models/convnext_small_gradnorm_1_init2/pgd_eval/pgd_validation_results.csv,convnext_small_gradnorm_1_init2,,,convnext_small_gradnorm_1_init2,False,gradnorm,unknown,gradnorm,2,1.0,gradnorm,1.0,2040.0,convnext_small_gradnorm_1_init2,l1,eps=1 init 2,gradnorm
2026-02-21T20:48:34,model_best,/home/ashtomer/projects/ares/results/models/convnext_small_gradnorm_2_init1/model_best.pth.tar,gradnorm,unknown,1,linf,1.0,0.0039215686274509,10,0.0007843137254901,0.1,0.5,0.1,0.5,6.97255581237793,6.972597083892822,state_dict_ema,/groups/golan_neurogroup/bml_group/tomerash/advmodels/results/models/convnext_small_gradnorm_2_init1/pgd_eval/pgd_validation_results.csv,convnext_small_gradnorm_2_init1,,,convnext_small_gradnorm_2_init1,False,gradnorm,unknown,gradnorm,1,2.0,gradnorm,2.0,0.00392156862745098,convnext_small_gradnorm_2_init1,linf,eps=2 init 1,gradnorm
2026-02-22T01:26:40,model_best,/home/ashtomer/projects/ares/results/models/convnext_small_gradnorm_2_init1/model_best.pth.tar,gradnorm,unknown,1,linf,2.0,0.0078431372549019,10,0.0015686274509803,0.1,0.5,0.1,0.5,6.97255581237793,6.9726383889770505,state_dict_ema,/groups/golan_neurogroup/bml_group/tomerash/advmodels/results/models/convnext_small_gradnorm_2_init1/pgd_eval/pgd_validation_results.csv,convnext_small_gradnorm_2_init1,,,convnext_small_gradnorm_2_init1,False,gradnorm,unknown,gradnorm,1,2.0,gradnorm,2.0,0.00784313725490196,convnext_small_gradnorm_2_init1,linf,eps=2 init 1,gradnorm
2026-02-22T06:04:21,model_best,/home/ashtomer/projects/ares/results/models/convnext_small_gradnorm_2_init1/model_best.pth.tar,gradnorm,unknown,1,linf,4.0,0.0156862745098039,10,0.0031372549019607,0.1,0.5,0.1,0.5,6.97255581237793,6.972720947265625,state_dict_ema,/groups/golan_neurogroup/bml_group/tomerash/advmodels/results/models/convnext_small_gradnorm_2_init1/pgd_eval/pgd_validation_results.csv,convnext_small_gradnorm_2_init1,,,convnext_small_gradnorm_2_init1,False,gradnorm,unknown,gradnorm,1,2.0,gradnorm,2.0,0.01568627450980392,convnext_small_gradnorm_2_init1,linf,eps=2 init 1,gradnorm
2026-02-22T10:42:11,model_best,/home/ashtomer/projects/ares/results/models/convnext_small_gradnorm_2_init1/model_best.pth.tar,gradnorm,unknown,1,linf,8.0,0.0313725490196078,10,0.0062745098039215,0.1,0.5,0.1,0.5,6.97255581237793,6.972887329559327,state_dict_ema,/groups/golan_neurogroup/bml_group/tomerash/advmodels/results/models/convnext_small_gradnorm_2_init1/pgd_eval/pgd_validation_results.csv,convnext_small_gradnorm_2_init1,,,convnext_small_gradnorm_2_init1,False,gradnorm,unknown,gradnorm,1,2.0,gradnorm,2.0,0.03137254901960784,convnext_small_gradnorm_2_init1,linf,eps=2 init 1,gradnorm
2026-02-22T15:20:18,model_best,/home/ashtomer/projects/ares/results/models/convnext_small_gradnorm_2_init1/model_best.pth.tar,gradnorm,unknown,1,linf,16.0,0.0627450980392156,10,0.0125490196078431,0.1,0.5,0.1,0.5,6.97255581237793,6.973230013275146,state_dict_ema,/groups/golan_neurogroup/bml_group/tomerash/advmodels/results/models/convnext_small_gradnorm_2_init1/pgd_eval/pgd_validation_results.csv,convnext_small_gradnorm_2_init1,,,convnext_small_gradnorm_2_init1,False,gradnorm,unknown,gradnorm,1,2.0,gradnorm,2.0,0.06274509803921569,convnext_small_gradnorm_2_init1,linf,eps=2 init 1,gradnorm
2026-02-23T00:36:29,model_best,/home/ashtomer/projects/ares/results/models/convnext_small_gradnorm_2_init1/model_best.pth.tar,gradnorm,unknown,1,l2,1.0,1.0,10,0.2,0.1,0.5,0.1,0.5,6.97255581237793,6.9725993234252925,state_dict_ema,/groups/golan_neurogroup/bml_group/tomerash/advmodels/results/models/convnext_small_gradnorm_2_init1/pgd_eval/pgd_validation_results.csv,convnext_small_gradnorm_2_init1,,,convnext_small_gradnorm_2_init1,False,gradnorm,unknown,gradnorm,1,2.0,gradnorm,2.0,1.0,convnext_small_gradnorm_2_init1,l2,eps=2 init 1,gradnorm
2026-02-23T05:14:19,model_best,/home/ashtomer/projects/ares/results/models/convnext_small_gradnorm_2_init1/model_best.pth.tar,gradnorm,unknown,1,l2,2.0,2.0,10,0.4,0.1,0.5,0.1,0.5,6.97255581237793,6.972642970275879,state_dict_ema,/groups/golan_neurogroup/bml_group/tomerash/advmodels/results/models/convnext_small_gradnorm_2_init1/pgd_eval/pgd_validation_results.csv,convnext_small_gradnorm_2_init1,,,convnext_small_gradnorm_2_init1,False,gradnorm,unknown,gradnorm,1,2.0,gradnorm,2.0,2.0,convnext_small_gradnorm_2_init1,l2,eps=2 init 1,gradnorm
2026-02-23T09:51:52,model_best,/home/ashtomer/projects/ares/results/models/convnext_small_gradnorm_2_init1/model_best.pth.tar,gradnorm,unknown,1,l2,4.0,4.0,10,0.8,0.1,0.5,0.1,0.5,6.97255581237793,6.972730196533203,state_dict_ema,/groups/golan_neurogroup/bml_group/tomerash/advmodels/results/models/convnext_small_gradnorm_2_init1/pgd_eval/pgd_validation_results.csv,convnext_small_gradnorm_2_init1,,,convnext_small_gradnorm_2_init1,False,gradnorm,unknown,gradnorm,1,2.0,gradnorm,2.0,4.0,convnext_small_gradnorm_2_init1,l2,eps=2 init 1,gradnorm
2026-02-23T14:29:39,model_best,/home/ashtomer/projects/ares/results/models/convnext_small_gradnorm_2_init1/model_best.pth.tar,gradnorm,unknown,1,l2,8.0,8.0,10,1.6,0.1,0.5,0.1,0.5,6.97255581237793,6.972906315307617,state_dict_ema,/groups/golan_neurogroup/bml_group/tomerash/advmodels/results/models/convnext_small_gradnorm_2_init1/pgd_eval/pgd_validation_results.csv,convnext_small_gradnorm_2_init1,,,convnext_small_gradnorm_2_init1,False,gradnorm,unknown,gradnorm,1,2.0,gradnorm,2.0,8.0,convnext_small_gradnorm_2_init1,l2,eps=2 init 1,gradnorm
2026-02-23T19:07:47,model_best,/home/ashtomer/projects/ares/results/models/convnext_small_gradnorm_2_init1/model_best.pth.tar,gradnorm,unknown,1,l2,16.0,16.0,10,3.2,0.1,0.5,0.1,0.5,6.97255581237793,6.97327087890625,state_dict_ema,/groups/golan_neurogroup/bml_group/tomerash/advmodels/results/models/convnext_small_gradnorm_2_init1/pgd_eval/pgd_validation_results.csv,convnext_small_gradnorm_2_init1,,,convnext_small_gradnorm_2_init1,False,gradnorm,unknown,gradnorm,1,2.0,gradnorm,2.0,16.0,convnext_small_gradnorm_2_init1,l2,eps=2 init 1,gradnorm
2026-02-24T04:25:58,model_best,/home/ashtomer/projects/ares/results/models/convnext_small_gradnorm_2_init1/model_best.pth.tar,gradnorm,unknown,1,l1,1.0,127.5,10,25.5,0.1,0.5,0.1,0.5,6.97255581237793,6.972779415893554,state_dict_ema,/groups/golan_neurogroup/bml_group/tomerash/advmodels/results/models/convnext_small_gradnorm_2_init1/pgd_eval/pgd_validation_results.csv,convnext_small_gradnorm_2_init1,,,convnext_small_gradnorm_2_init1,False,gradnorm,unknown,gradnorm,1,2.0,gradnorm,2.0,127.5,convnext_small_gradnorm_2_init1,l1,eps=2 init 1,gradnorm
2026-02-24T09:04:47,model_best,/home/ashtomer/projects/ares/results/models/convnext_small_gradnorm_2_init1/model_best.pth.tar,gradnorm,unknown,1,l1,2.0,255.0,10,51.0,0.1,0.5,0.1,0.5,6.97255581237793,6.9730034033203125,state_dict_ema,/groups/golan_neurogroup/bml_group/tomerash/advmodels/results/models/convnext_small_gradnorm_2_init1/pgd_eval/pgd_validation_results.csv,convnext_small_gradnorm_2_init1,,,convnext_small_gradnorm_2_init1,False,gradnorm,unknown,gradnorm,1,2.0,gradnorm,2.0,255.0,convnext_small_gradnorm_2_init1,l1,eps=2 init 1,gradnorm
2026-02-24T13:43:07,model_best,/home/ashtomer/projects/ares/results/models/convnext_small_gradnorm_2_init1/model_best.pth.tar,gradnorm,unknown,1,l1,4.0,510.0,10,102.0,0.1,0.5,0.1,0.5,6.97255581237793,6.973445604095459,state_dict_ema,/groups/golan_neurogroup/bml_group/tomerash/advmodels/results/models/convnext_small_gradnorm_2_init1/pgd_eval/pgd_validation_results.csv,convnext_small_gradnorm_2_init1,,,convnext_small_gradnorm_2_init1,False,gradnorm,unknown,gradnorm,1,2.0,gradnorm,2.0,510.0,convnext_small_gradnorm_2_init1,l1,eps=2 init 1,gradnorm
2026-02-24T18:21:57,model_best,/home/ashtomer/projects/ares/results/models/convnext_small_gradnorm_2_init1/model_best.pth.tar,gradnorm,unknown,1,l1,8.0,1020.0,10,204.0,0.1,0.5,0.1,0.5,6.97255581237793,6.974196091308594,state_dict_ema,/groups/golan_neurogroup/bml_group/tomerash/advmodels/results/models/convnext_small_gradnorm_2_init1/pgd_eval/pgd_validation_results.csv,convnext_small_gradnorm_2_init1,,,convnext_small_gradnorm_2_init1,False,gradnorm,unknown,gradnorm,1,2.0,gradnorm,2.0,1020.0,convnext_small_gradnorm_2_init1,l1,eps=2 init 1,gradnorm
2026-02-24T23:00:34,model_best,/home/ashtomer/projects/ares/results/models/convnext_small_gradnorm_2_init1/model_best.pth.tar,gradnorm,unknown,1,l1,16.0,2040.0,10,408.0,0.1,0.5,0.1,0.5,6.97255581237793,6.974898144989013,state_dict_ema,/groups/golan_neurogroup/bml_group/tomerash/advmodels/results/models/convnext_small_gradnorm_2_init1/pgd_eval/pgd_validation_results.csv,convnext_small_gradnorm_2_init1,,,convnext_small_gradnorm_2_init1,False,gradnorm,unknown,gradnorm,1,2.0,gradnorm,2.0,2040.0,convnext_small_gradnorm_2_init1,l1,eps=2 init 1,gradnorm
2026-02-21T20:48:45,model_best,/home/ashtomer/projects/ares/results/models/convnext_small_gradnorm_2_init2/model_best.pth.tar,gradnorm,unknown,2,linf,1.0,0.0039215686274509,10,0.0007843137254901,0.1,0.5,0.1,0.5,7.097483837432861,7.09748806427002,state_dict_ema,/groups/golan_neurogroup/bml_group/tomerash/advmodels/results/models/convnext_small_gradnorm_2_init2/pgd_eval/pgd_validation_results.csv,convnext_small_gradnorm_2_init2,,,convnext_small_gradnorm_2_init2,False,gradnorm,unknown,gradnorm,2,2.0,gradnorm,2.0,0.00392156862745098,convnext_small_gradnorm_2_init2,linf,eps=2 init 2,gradnorm
2026-02-22T01:26:20,model_best,/home/ashtomer/projects/ares/results/models/convnext_small_gradnorm_2_init2/model_best.pth.tar,gradnorm,unknown,2,linf,2.0,0.0078431372549019,10,0.0015686274509803,0.1,0.5,0.1,0.5,7.097483837432861,7.097490982208252,state_dict_ema,/groups/golan_neurogroup/bml_group/tomerash/advmodels/results/models/convnext_small_gradnorm_2_init2/pgd_eval/pgd_validation_results.csv,convnext_small_gradnorm_2_init2,,,convnext_small_gradnorm_2_init2,False,gradnorm,unknown,gradnorm,2,2.0,gradnorm,2.0,0.00784313725490196,convnext_small_gradnorm_2_init2,linf,eps=2 init 2,gradnorm
2026-02-22T06:04:13,model_best,/home/ashtomer/projects/ares/results/models/convnext_small_gradnorm_2_init2/model_best.pth.tar,gradnorm,unknown,2,linf,4.0,0.0156862745098039,10,0.0031372549019607,0.1,0.5,0.1,0.5,7.097483837432861,7.097498094482422,state_dict_ema,/groups/golan_neurogroup/bml_group/tomerash/advmodels/results/models/convnext_small_gradnorm_2_init2/pgd_eval/pgd_validation_results.csv,convnext_small_gradnorm_2_init2,,,convnext_small_gradnorm_2_init2,False,gradnorm,unknown,gradnorm,2,2.0,gradnorm,2.0,0.01568627450980392,convnext_small_gradnorm_2_init2,linf,eps=2 init 2,gradnorm
2026-02-22T10:41:53,model_best,/home/ashtomer/projects/ares/results/models/convnext_small_gradnorm_2_init2/model_best.pth.tar,gradnorm,unknown,2,linf,8.0,0.0313725490196078,10,0.0062745098039215,0.1,0.5,0.1,0.5,7.097483837432861,7.097510759277344,state_dict_ema,/groups/golan_neurogroup/bml_group/tomerash/advmodels/results/models/convnext_small_gradnorm_2_init2/pgd_eval/pgd_validation_results.csv,convnext_small_gradnorm_2_init2,,,convnext_small_gradnorm_2_init2,False,gradnorm,unknown,gradnorm,2,2.0,gradnorm,2.0,0.03137254901960784,convnext_small_gradnorm_2_init2,linf,eps=2 init 2,gradnorm
2026-02-22T15:19:42,model_best,/home/ashtomer/projects/ares/results/models/convnext_small_gradnorm_2_init2/model_best.pth.tar,gradnorm,unknown,2,linf,16.0,0.0627450980392156,10,0.0125490196078431,0.1,0.5,0.1,0.5,7.097483837432861,7.097538827209473,state_dict_ema,/groups/golan_neurogroup/bml_group/tomerash/advmodels/results/models/convnext_small_gradnorm_2_init2/pgd_eval/pgd_validation_results.csv,convnext_small_gradnorm_2_init2,,,convnext_small_gradnorm_2_init2,False,gradnorm,unknown,gradnorm,2,2.0,gradnorm,2.0,0.06274509803921569,convnext_small_gradnorm_2_init2,linf,eps=2 init 2,gradnorm
2026-02-23T00:36:06,model_best,/home/ashtomer/projects/ares/results/models/convnext_small_gradnorm_2_init2/model_best.pth.tar,gradnorm,unknown,2,l2,1.0,1.0,10,0.2,0.1,0.5,0.1,0.5,7.097483837432861,7.097486469116211,state_dict_ema,/groups/golan_neurogroup/bml_group/tomerash/advmodels/results/models/convnext_small_gradnorm_2_init2/pgd_eval/pgd_validation_results.csv,convnext_small_gradnorm_2_init2,,,convnext_small_gradnorm_2_init2,False,gradnorm,unknown,gradnorm,2,2.0,gradnorm,2.0,1.0,convnext_small_gradnorm_2_init2,l2,eps=2 init 2,gradnorm
2026-02-23T05:14:51,model_best,/home/ashtomer/projects/ares/results/models/convnext_small_gradnorm_2_init2/model_best.pth.tar,gradnorm,unknown,2,l2,2.0,2.0,10,0.4,0.1,0.5,0.1,0.5,7.097483837432861,7.09748919342041,state_dict_ema,/groups/golan_neurogroup/bml_group/tomerash/advmodels/results/models/convnext_small_gradnorm_2_init2/pgd_eval/pgd_validation_results.csv,convnext_small_gradnorm_2_init2,,,convnext_small_gradnorm_2_init2,False,gradnorm,unknown,gradnorm,2,2.0,gradnorm,2.0,2.0,convnext_small_gradnorm_2_init2,l2,eps=2 init 2,gradnorm
2026-02-23T09:53:35,model_best,/home/ashtomer/projects/ares/results/models/convnext_small_gradnorm_2_init2/model_best.pth.tar,gradnorm,unknown,2,l2,4.0,4.0,10,0.8,0.1,0.5,0.1,0.5,7.097483837432861,7.097496019134521,state_dict_ema,/groups/golan_neurogroup/bml_group/tomerash/advmodels/results/models/convnext_small_gradnorm_2_init2/pgd_eval/pgd_validation_results.csv,convnext_small_gradnorm_2_init2,,,convnext_small_gradnorm_2_init2,False,gradnorm,unknown,gradnorm,2,2.0,gradnorm,2.0,4.0,convnext_small_gradnorm_2_init2,l2,eps=2 init 2,gradnorm
2026-02-23T14:31:52,model_best,/home/ashtomer/projects/ares/results/models/convnext_small_gradnorm_2_init2/model_best.pth.tar,gradnorm,unknown,2,l2,8.0,8.0,10,1.6,0.1,0.5,0.1,0.5,7.097483837432861,7.097507250213623,state_dict_ema,/groups/golan_neurogroup/bml_group/tomerash/advmodels/results/models/convnext_small_gradnorm_2_init2/pgd_eval/pgd_validation_results.csv,convnext_small_gradnorm_2_init2,,,convnext_small_gradnorm_2_init2,False,gradnorm,unknown,gradnorm,2,2.0,gradnorm,2.0,8.0,convnext_small_gradnorm_2_init2,l2,eps=2 init 2,gradnorm
2026-02-23T19:10:10,model_best,/home/ashtomer/projects/ares/results/models/convnext_small_gradnorm_2_init2/model_best.pth.tar,gradnorm,unknown,2,l2,16.0,16.0,10,3.2,0.1,0.5,0.1,0.5,7.097483837432861,7.09753157623291,state_dict_ema,/groups/golan_neurogroup/bml_group/tomerash/advmodels/results/models/convnext_small_gradnorm_2_init2/pgd_eval/pgd_validation_results.csv,convnext_small_gradnorm_2_init2,,,convnext_small_gradnorm_2_init2,False,gradnorm,unknown,gradnorm,2,2.0,gradnorm,2.0,16.0,convnext_small_gradnorm_2_init2,l2,eps=2 init 2,gradnorm
2026-02-24T04:31:35,model_best,/home/ashtomer/projects/ares/results/models/convnext_small_gradnorm_2_init2/model_best.pth.tar,gradnorm,unknown,2,l1,1.0,127.5,10,25.5,0.1,0.5,0.1,0.5,7.097483837432861,7.097493267974854,state_dict_ema,/groups/golan_neurogroup/bml_group/tomerash/advmodels/results/models/convnext_small_gradnorm_2_init2/pgd_eval/pgd_validation_results.csv,convnext_small_gradnorm_2_init2,,,convnext_small_gradnorm_2_init2,False,gradnorm,unknown,gradnorm,2,2.0,gradnorm,2.0,127.5,convnext_small_gradnorm_2_init2,l1,eps=2 init 2,gradnorm
2026-02-24T09:12:35,model_best,/home/ashtomer/projects/ares/results/models/convnext_small_gradnorm_2_init2/model_best.pth.tar,gradnorm,unknown,2,l1,2.0,255.0,10,51.0,0.1,0.5,0.1,0.5,7.097483837432861,7.097501974945068,state_dict_ema,/groups/golan_neurogroup/bml_group/tomerash/advmodels/results/models/convnext_small_gradnorm_2_init2/pgd_eval/pgd_validation_results.csv,convnext_small_gradnorm_2_init2,,,convnext_small_gradnorm_2_init2,False,gradnorm,unknown,gradnorm,2,2.0,gradnorm,2.0,255.0,convnext_small_gradnorm_2_init2,l1,eps=2 init 2,gradnorm
2026-02-24T13:55:59,model_best,/home/ashtomer/projects/ares/results/models/convnext_small_gradnorm_2_init2/model_best.pth.tar,gradnorm,unknown,2,l1,4.0,510.0,10,102.0,0.1,0.5,0.1,0.5,7.097483837432861,7.097519358520508,state_dict_ema,/groups/golan_neurogroup/bml_group/tomerash/advmodels/results/models/convnext_small_gradnorm_2_init2/pgd_eval/pgd_validation_results.csv,convnext_small_gradnorm_2_init2,,,convnext_small_gradnorm_2_init2,False,gradnorm,unknown,gradnorm,2,2.0,gradnorm,2.0,510.0,convnext_small_gradnorm_2_init2,l1,eps=2 init 2,gradnorm
2026-02-24T18:39:41,model_best,/home/ashtomer/projects/ares/results/models/convnext_small_gradnorm_2_init2/model_best.pth.tar,gradnorm,unknown,2,l1,8.0,1020.0,10,204.0,0.1,0.5,0.1,0.5,7.097483837432861,7.097549981689453,state_dict_ema,/groups/golan_neurogroup/bml_group/tomerash/advmodels/results/models/convnext_small_gradnorm_2_init2/pgd_eval/pgd_validation_results.csv,convnext_small_gradnorm_2_init2,,,convnext_small_gradnorm_2_init2,False,gradnorm,unknown,gradnorm,2,2.0,gradnorm,2.0,1020.0,convnext_small_gradnorm_2_init2,l1,eps=2 init 2,gradnorm
2026-02-24T23:22:55,model_best,/home/ashtomer/projects/ares/results/models/convnext_small_gradnorm_2_init2/model_best.pth.tar,gradnorm,unknown,2,l1,16.0,2040.0,10,408.0,0.1,0.5,0.1,0.5,7.097483837432861,7.097600552215576,state_dict_ema,/groups/golan_neurogroup/bml_group/tomerash/advmodels/results/models/convnext_small_gradnorm_2_init2/pgd_eval/pgd_validation_results.csv,convnext_small_gradnorm_2_init2,,,convnext_small_gradnorm_2_init2,False,gradnorm,unknown,gradnorm,2,2.0,gradnorm,2.0,2040.0,convnext_small_gradnorm_2_init2,l1,eps=2 init 2,gradnorm
2026-03-18T02:39:49,model_best,results/models/convnext_small_gradnorm_4_init1/model_best.pth.tar,gradnorm,unknown,1,linf,1.0,0.0039215686274509,10,0.0007843137254901,0.1,0.5,0.1000000048828125,0.5000000244140625,7.353951694641113,7.353991060180664,state_dict_ema,/groups/golan_neurogroup/bml_group/tomerash/advmodels/results/models/convnext_small_gradnorm_4_init1/pgd_eval/pgd_validation_results.csv,convnext_small_gradnorm_4_init1,,,convnext_small_gradnorm_4_init1,False,gradnorm,unknown,gradnorm,1,4.0,gradnorm,4.0,0.00392156862745098,convnext_small_gradnorm_4_init1,linf,eps=4 init 1,gradnorm
2026-03-18T03:31:21,model_best,results/models/convnext_small_gradnorm_4_init1/model_best.pth.tar,gradnorm,unknown,1,linf,2.0,0.0078431372549019,10,0.0015686274509803,0.1,0.5,0.1000000048828125,0.5000000244140625,7.353951694641113,7.353994357299805,state_dict_ema,/groups/golan_neurogroup/bml_group/tomerash/advmodels/results/models/convnext_small_gradnorm_4_init1/pgd_eval/pgd_validation_results.csv,convnext_small_gradnorm_4_init1,,,convnext_small_gradnorm_4_init1,False,gradnorm,unknown,gradnorm,1,4.0,gradnorm,4.0,0.00784313725490196,convnext_small_gradnorm_4_init1,linf,eps=4 init 1,gradnorm
2026-03-18T04:22:52,model_best,results/models/convnext_small_gradnorm_4_init1/model_best.pth.tar,gradnorm,unknown,1,linf,4.0,0.0156862745098039,10,0.0031372549019607,0.1,0.5,0.1000000048828125,0.5000000244140625,7.353951694641113,7.353999044494629,state_dict_ema,/groups/golan_neurogroup/bml_group/tomerash/advmodels/results/models/convnext_small_gradnorm_4_init1/pgd_eval/pgd_validation_results.csv,convnext_small_gradnorm_4_init1,,,convnext_small_gradnorm_4_init1,False,gradnorm,unknown,gradnorm,1,4.0,gradnorm,4.0,0.01568627450980392,convnext_small_gradnorm_4_init1,linf,eps=4 init 1,gradnorm
2026-03-18T05:14:23,model_best,results/models/convnext_small_gradnorm_4_init1/model_best.pth.tar,gradnorm,unknown,1,linf,8.0,0.0313725490196078,10,0.0062745098039215,0.1,0.5,0.1000000048828125,0.5000000244140625,7.353951694641113,7.354007285766602,state_dict_ema,/groups/golan_neurogroup/bml_group/tomerash/advmodels/results/models/convnext_small_gradnorm_4_init1/pgd_eval/pgd_validation_results.csv,convnext_small_gradnorm_4_init1,,,convnext_small_gradnorm_4_init1,False,gradnorm,unknown,gradnorm,1,4.0,gradnorm,4.0,0.03137254901960784,convnext_small_gradnorm_4_init1,linf,eps=4 init 1,gradnorm
2026-03-18T06:05:54,model_best,results/models/convnext_small_gradnorm_4_init1/model_best.pth.tar,gradnorm,unknown,1,linf,16.0,0.0627450980392156,10,0.0125490196078431,0.1,0.5,0.1000000048828125,0.5000000244140625,7.353951694641113,7.354017872314453,state_dict_ema,/groups/golan_neurogroup/bml_group/tomerash/advmodels/results/models/convnext_small_gradnorm_4_init1/pgd_eval/pgd_validation_results.csv,convnext_small_gradnorm_4_init1,,,convnext_small_gradnorm_4_init1,False,gradnorm,unknown,gradnorm,1,4.0,gradnorm,4.0,0.06274509803921569,convnext_small_gradnorm_4_init1,linf,eps=4 init 1,gradnorm
2026-03-18T07:48:58,model_best,results/models/convnext_small_gradnorm_4_init1/model_best.pth.tar,gradnorm,unknown,1,l2,1.0,1.0,10,0.2,0.1,0.5,0.1000000048828125,0.5000000244140625,7.353951694641113,7.353990683288575,state_dict_ema,/groups/golan_neurogroup/bml_group/tomerash/advmodels/results/models/convnext_small_gradnorm_4_init1/pgd_eval/pgd_validation_results.csv,convnext_small_gradnorm_4_init1,,,convnext_small_gradnorm_4_init1,False,gradnorm,unknown,gradnorm,1,4.0,gradnorm,4.0,1.0,convnext_small_gradnorm_4_init1,l2,eps=4 init 1,gradnorm
2026-03-18T08:40:29,model_best,results/models/convnext_small_gradnorm_4_init1/model_best.pth.tar,gradnorm,unknown,1,l2,2.0,2.0,10,0.4,0.1,0.5,0.1000000048828125,0.5000000244140625,7.353951694641113,7.353993397216797,state_dict_ema,/groups/golan_neurogroup/bml_group/tomerash/advmodels/results/models/convnext_small_gradnorm_4_init1/pgd_eval/pgd_validation_results.csv,convnext_small_gradnorm_4_init1,,,convnext_small_gradnorm_4_init1,False,gradnorm,unknown,gradnorm,1,4.0,gradnorm,4.0,2.0,convnext_small_gradnorm_4_init1,l2,eps=4 init 1,gradnorm
2026-03-18T09:32:02,model_best,results/models/convnext_small_gradnorm_4_init1/model_best.pth.tar,gradnorm,unknown,1,l2,4.0,4.0,10,0.8,0.1,0.5,0.1000000048828125,0.5000000244140625,7.353951694641113,7.353997445983887,state_dict_ema,/groups/golan_neurogroup/bml_group/tomerash/advmodels/results/models/convnext_small_gradnorm_4_init1/pgd_eval/pgd_validation_results.csv,convnext_small_gradnorm_4_init1,,,convnext_small_gradnorm_4_init1,False,gradnorm,unknown,gradnorm,1,4.0,gradnorm,4.0,4.0,convnext_small_gradnorm_4_init1,l2,eps=4 init 1,gradnorm
2026-03-18T10:23:35,model_best,results/models/convnext_small_gradnorm_4_init1/model_best.pth.tar,gradnorm,unknown,1,l2,8.0,8.0,10,1.6,0.1,0.5,0.1000000048828125,0.5000000244140625,7.353951694641113,7.354004607543946,state_dict_ema,/groups/golan_neurogroup/bml_group/tomerash/advmodels/results/models/convnext_small_gradnorm_4_init1/pgd_eval/pgd_validation_results.csv,convnext_small_gradnorm_4_init1,,,convnext_small_gradnorm_4_init1,False,gradnorm,unknown,gradnorm,1,4.0,gradnorm,4.0,8.0,convnext_small_gradnorm_4_init1,l2,eps=4 init 1,gradnorm
2026-03-18T11:15:08,model_best,results/models/convnext_small_gradnorm_4_init1/model_best.pth.tar,gradnorm,unknown,1,l2,16.0,16.0,10,3.2,0.1,0.5,0.1000000048828125,0.5000000244140625,7.353951694641113,7.354015493469238,state_dict_ema,/groups/golan_neurogroup/bml_group/tomerash/advmodels/results/models/convnext_small_gradnorm_4_init1/pgd_eval/pgd_validation_results.csv,convnext_small_gradnorm_4_init1,,,convnext_small_gradnorm_4_init1,False,gradnorm,unknown,gradnorm,1,4.0,gradnorm,4.0,16.0,convnext_small_gradnorm_4_init1,l2,eps=4 init 1,gradnorm
2026-03-18T12:59:55,model_best,results/models/convnext_small_gradnorm_4_init1/model_best.pth.tar,gradnorm,unknown,1,l1,1.0,127.5,10,25.5,0.1,0.5,0.1000000048828125,0.5000000244140625,7.353951694641113,7.353991371154785,state_dict_ema,/groups/golan_neurogroup/bml_group/tomerash/advmodels/results/models/convnext_small_gradnorm_4_init1/pgd_eval/pgd_validation_results.csv,convnext_small_gradnorm_4_init1,,,convnext_small_gradnorm_4_init1,False,gradnorm,unknown,gradnorm,1,4.0,gradnorm,4.0,127.5,convnext_small_gradnorm_4_init1,l1,eps=4 init 1,gradnorm
2026-03-18T13:52:19,model_best,results/models/convnext_small_gradnorm_4_init1/model_best.pth.tar,gradnorm,unknown,1,l1,2.0,255.0,10,51.0,0.1,0.5,0.1000000048828125,0.5000000244140625,7.353951694641113,7.35399374420166,state_dict_ema,/groups/golan_neurogroup/bml_group/tomerash/advmodels/results/models/convnext_small_gradnorm_4_init1/pgd_eval/pgd_validation_results.csv,convnext_small_gradnorm_4_init1,,,convnext_small_gradnorm_4_init1,False,gradnorm,unknown,gradnorm,1,4.0,gradnorm,4.0,255.0,convnext_small_gradnorm_4_init1,l1,eps=4 init 1,gradnorm
2026-03-18T14:44:45,model_best,results/models/convnext_small_gradnorm_4_init1/model_best.pth.tar,gradnorm,unknown,1,l1,4.0,510.0,10,102.0,0.1,0.5,0.1000000048828125,0.5000000244140625,7.353951694641113,7.353997233276367,state_dict_ema,/groups/golan_neurogroup/bml_group/tomerash/advmodels/results/models/convnext_small_gradnorm_4_init1/pgd_eval/pgd_validation_results.csv,convnext_small_gradnorm_4_init1,,,convnext_small_gradnorm_4_init1,False,gradnorm,unknown,gradnorm,1,4.0,gradnorm,4.0,510.0,convnext_small_gradnorm_4_init1,l1,eps=4 init 1,gradnorm
2026-03-18T15:37:13,model_best,results/models/convnext_small_gradnorm_4_init1/model_best.pth.tar,gradnorm,unknown,1,l1,8.0,1020.0,10,204.0,0.1,0.5,0.1000000048828125,0.5000000244140625,7.353951694641113,7.35400247833252,state_dict_ema,/groups/golan_neurogroup/bml_group/tomerash/advmodels/results/models/convnext_small_gradnorm_4_init1/pgd_eval/pgd_validation_results.csv,convnext_small_gradnorm_4_init1,,,convnext_small_gradnorm_4_init1,False,gradnorm,unknown,gradnorm,1,4.0,gradnorm,4.0,1020.0,convnext_small_gradnorm_4_init1,l1,eps=4 init 1,gradnorm
2026-03-18T16:29:40,model_best,results/models/convnext_small_gradnorm_4_init1/model_best.pth.tar,gradnorm,unknown,1,l1,16.0,2040.0,10,408.0,0.1,0.5,0.1000000048828125,0.5000000244140625,7.353951694641113,7.35400715637207,state_dict_ema,/groups/golan_neurogroup/bml_group/tomerash/advmodels/results/models/convnext_small_gradnorm_4_init1/pgd_eval/pgd_validation_results.csv,convnext_small_gradnorm_4_init1,,,convnext_small_gradnorm_4_init1,False,gradnorm,unknown,gradnorm,1,4.0,gradnorm,4.0,2040.0,convnext_small_gradnorm_4_init1,l1,eps=4 init 1,gradnorm
2026-04-09T09:17:16,model_best,results/models/convnext_small_gradnorm_4_init2/model_best.pth.tar,gradnorm,unknown,2,linf,1.0,0.0039215686274509,10,0.0007843137254901,0.748,2.976,0.1360000062561035,0.6360000270080567,6.594397515716553,7.40840474822998,state_dict_ema,/groups/golan_neurogroup/bml_group/tomerash/advmodels/results/models/convnext_small_gradnorm_4_init2/pgd_eval/pgd_validation_results.csv,convnext_small_gradnorm_4_init2,l1_apgd,,convnext_small_gradnorm_4_init2,False,gradnorm,unknown,gradnorm,2,4.0,gradnorm,4.0,0.00392156862745098,convnext_small_gradnorm_4_init2,linf,eps=4 init 2,gradnorm
2026-04-09T10:09:03,model_best,results/models/convnext_small_gradnorm_4_init2/model_best.pth.tar,gradnorm,unknown,2,linf,2.0,0.0078431372549019,10,0.0015686274509803,0.748,2.976,0.0580000007629394,0.1580000047302246,6.594397515716553,8.244963448486327,state_dict_ema,/groups/golan_neurogroup/bml_group/tomerash/advmodels/results/models/convnext_small_gradnorm_4_init2/pgd_eval/pgd_validation_results.csv,convnext_small_gradnorm_4_init2,l1_apgd,,convnext_small_gradnorm_4_init2,False,gradnorm,unknown,gradnorm,2,4.0,gradnorm,4.0,0.00784313725490196,convnext_small_gradnorm_4_init2,linf,eps=4 init 2,gradnorm
2026-04-09T11:00:53,model_best,results/models/convnext_small_gradnorm_4_init2/model_best.pth.tar,gradnorm,unknown,2,linf,4.0,0.0156862745098039,10,0.0031372549019607,0.748,2.976,0.0240000009155273,0.0680000010681152,6.594397515716553,9.129088665161133,state_dict_ema,/groups/golan_neurogroup/bml_group/tomerash/advmodels/results/models/convnext_small_gradnorm_4_init2/pgd_eval/pgd_validation_results.csv,convnext_small_gradnorm_4_init2,l1_apgd,,convnext_small_gradnorm_4_init2,False,gradnorm,unknown,gradnorm,2,4.0,gradnorm,4.0,0.01568627450980392,convnext_small_gradnorm_4_init2,linf,eps=4 init 2,gradnorm
2026-04-09T11:52:40,model_best,results/models/convnext_small_gradnorm_4_init2/model_best.pth.tar,gradnorm,unknown,2,linf,8.0,0.0313725490196078,10,0.0062745098039215,0.748,2.976,0.0,0.0080000001525878,6.594397515716553,9.737854108276368,state_dict_ema,/groups/golan_neurogroup/bml_group/tomerash/advmodels/results/models/convnext_small_gradnorm_4_init2/pgd_eval/pgd_validation_results.csv,convnext_small_gradnorm_4_init2,l1_apgd,,convnext_small_gradnorm_4_init2,False,gradnorm,unknown,gradnorm,2,4.0,gradnorm,4.0,0.03137254901960784,convnext_small_gradnorm_4_init2,linf,eps=4 init 2,gradnorm
2026-04-09T12:44:27,model_best,results/models/convnext_small_gradnorm_4_init2/model_best.pth.tar,gradnorm,unknown,2,linf,16.0,0.0627450980392156,10,0.0125490196078431,0.748,2.976,0.0,0.0,6.594397515716553,10.528268656921387,state_dict_ema,/groups/golan_neurogroup/bml_group/tomerash/advmodels/results/models/convnext_small_gradnorm_4_init2/pgd_eval/pgd_validation_results.csv,convnext_small_gradnorm_4_init2,l1_apgd,,convnext_small_gradnorm_4_init2,False,gradnorm,unknown,gradnorm,2,4.0,gradnorm,4.0,0.06274509803921569,convnext_small_gradnorm_4_init2,linf,eps=4 init 2,gradnorm
2026-04-09T14:27:22,model_best,results/models/convnext_small_gradnorm_4_init2/model_best.pth.tar,gradnorm,unknown,2,l2,1.0,1.0,10,0.2,0.748,2.976,0.1640000079345703,0.7080000228881836,6.594397515716553,7.3513098915100095,state_dict_ema,/groups/golan_neurogroup/bml_group/tomerash/advmodels/results/models/convnext_small_gradnorm_4_init2/pgd_eval/pgd_validation_results.csv,convnext_small_gradnorm_4_init2,l1_apgd,,convnext_small_gradnorm_4_init2,False,gradnorm,unknown,gradnorm,2,4.0,gradnorm,4.0,1.0,convnext_small_gradnorm_4_init2,l2,eps=4 init 2,gradnorm
2026-04-09T15:18:54,model_best,results/models/convnext_small_gradnorm_4_init2/model_best.pth.tar,gradnorm,unknown,2,l2,2.0,2.0,10,0.4,0.748,2.976,0.0600000004577636,0.1820000047302246,6.594397515716553,8.0896528024292,state_dict_ema,/groups/golan_neurogroup/bml_group/tomerash/advmodels/results/models/convnext_small_gradnorm_4_init2/pgd_eval/pgd_validation_results.csv,convnext_small_gradnorm_4_init2,l1_apgd,,convnext_small_gradnorm_4_init2,False,gradnorm,unknown,gradnorm,2,4.0,gradnorm,4.0,2.0,convnext_small_gradnorm_4_init2,l2,eps=4 init 2,gradnorm
2026-04-09T16:10:20,model_best,results/models/convnext_small_gradnorm_4_init2/model_best.pth.tar,gradnorm,unknown,2,l2,4.0,4.0,10,0.8,0.748,2.976,0.0280000003051757,0.0780000004577636,6.594397515716553,9.031073048706055,state_dict_ema,/groups/golan_neurogroup/bml_group/tomerash/advmodels/results/models/convnext_small_gradnorm_4_init2/pgd_eval/pgd_validation_results.csv,convnext_small_gradnorm_4_init2,l1_apgd,,convnext_small_gradnorm_4_init2,False,gradnorm,unknown,gradnorm,2,4.0,gradnorm,4.0,4.0,convnext_small_gradnorm_4_init2,l2,eps=4 init 2,gradnorm
2026-04-09T17:02:02,model_best,results/models/convnext_small_gradnorm_4_init2/model_best.pth.tar,gradnorm,unknown,2,l2,8.0,8.0,10,1.6,0.748,2.976,0.0020000001525878,0.0080000006103515,6.594397515716553,9.877928895874025,state_dict_ema,/groups/golan_neurogroup/bml_group/tomerash/advmodels/results/models/convnext_small_gradnorm_4_init2/pgd_eval/pgd_validation_results.csv,convnext_small_gradnorm_4_init2,l1_apgd,,convnext_small_gradnorm_4_init2,False,gradnorm,unknown,gradnorm,2,4.0,gradnorm,4.0,8.0,convnext_small_gradnorm_4_init2,l2,eps=4 init 2,gradnorm
2026-04-09T17:53:35,model_best,results/models/convnext_small_gradnorm_4_init2/model_best.pth.tar,gradnorm,unknown,2,l2,16.0,16.0,10,3.2,0.748,2.976,0.0,0.0,6.594397515716553,10.66108803100586,state_dict_ema,/groups/golan_neurogroup/bml_group/tomerash/advmodels/results/models/convnext_small_gradnorm_4_init2/pgd_eval/pgd_validation_results.csv,convnext_small_gradnorm_4_init2,l1_apgd,,convnext_small_gradnorm_4_init2,False,gradnorm,unknown,gradnorm,2,4.0,gradnorm,4.0,16.0,convnext_small_gradnorm_4_init2,l2,eps=4 init 2,gradnorm
2026-04-09T19:37:59,model_best,results/models/convnext_small_gradnorm_4_init2/model_best.pth.tar,gradnorm,unknown,2,l1,1.0,127.5,10,25.5,0.748,2.976,0.1660000067138672,0.8140000286865234,6.594397515716553,7.147178569030761,state_dict_ema,/groups/golan_neurogroup/bml_group/tomerash/advmodels/results/models/convnext_small_gradnorm_4_init2/pgd_eval/pgd_validation_results.csv,convnext_small_gradnorm_4_init2,l1_apgd,0.05,convnext_small_gradnorm_4_init2,False,gradnorm,unknown,gradnorm,2,4.0,gradnorm,4.0,127.5,convnext_small_gradnorm_4_init2,l1_apgd,eps=4 init 2,gradnorm
2026-04-09T20:30:16,model_best,results/models/convnext_small_gradnorm_4_init2/model_best.pth.tar,gradnorm,unknown,2,l1,2.0,255.0,10,51.0,0.748,2.976,0.2120000088500976,0.8880000370788574,6.594397515716553,7.397769891357422,state_dict_ema,/groups/golan_neurogroup/bml_group/tomerash/advmodels/results/models/convnext_small_gradnorm_4_init2/pgd_eval/pgd_validation_results.csv,convnext_small_gradnorm_4_init2,l1_apgd,0.05,convnext_small_gradnorm_4_init2,False,gradnorm,unknown,gradnorm,2,4.0,gradnorm,4.0,255.0,convnext_small_gradnorm_4_init2,l1_apgd,eps=4 init 2,gradnorm
2026-04-09T21:22:32,model_best,results/models/convnext_small_gradnorm_4_init2/model_best.pth.tar,gradnorm,unknown,2,l1,4.0,510.0,10,102.0,0.748,2.976,0.2540000065612793,1.056000032043457,6.594397515716553,7.538043559875488,state_dict_ema,/groups/golan_neurogroup/bml_group/tomerash/advmodels/results/models/convnext_small_gradnorm_4_init2/pgd_eval/pgd_validation_results.csv,convnext_small_gradnorm_4_init2,l1_apgd,0.05,convnext_small_gradnorm_4_init2,False,gradnorm,unknown,gradnorm,2,4.0,gradnorm,4.0,510.0,convnext_small_gradnorm_4_init2,l1_apgd,eps=4 init 2,gradnorm
2026-04-09T22:14:46,model_best,results/models/convnext_small_gradnorm_4_init2/model_best.pth.tar,gradnorm,unknown,2,l1,8.0,1020.0,10,204.0,0.748,2.976,0.2320000067138672,0.9740000331115722,6.594397515716553,7.804577950744629,state_dict_ema,/groups/golan_neurogroup/bml_group/tomerash/advmodels/results/models/convnext_small_gradnorm_4_init2/pgd_eval/pgd_validation_results.csv,convnext_small_gradnorm_4_init2,l1_apgd,0.05,convnext_small_gradnorm_4_init2,False,gradnorm,unknown,gradnorm,2,4.0,gradnorm,4.0,1020.0,convnext_small_gradnorm_4_init2,l1_apgd,eps=4 init 2,gradnorm
2026-04-09T23:06:58,model_best,results/models/convnext_small_gradnorm_4_init2/model_best.pth.tar,gradnorm,unknown,2,l1,16.0,2040.0,10,408.0,0.748,2.976,0.2060000079345703,0.9140000248718262,6.594397515716553,8.03472890274048,state_dict_ema,/groups/golan_neurogroup/bml_group/tomerash/advmodels/results/models/convnext_small_gradnorm_4_init2/pgd_eval/pgd_validation_results.csv,convnext_small_gradnorm_4_init2,l1_apgd,0.05,convnext_small_gradnorm_4_init2,False,gradnorm,unknown,gradnorm,2,4.0,gradnorm,4.0,2040.0,convnext_small_gradnorm_4_init2,l1_apgd,eps=4 init 2,gradnorm
2026-04-09T07:01:58,model_best,results/models/convnext_small_gradnorm_8_init1/model_best.pth.tar,gradnorm,unknown,1,linf,1.0,0.0039215686274509,10,0.0007843137254901,0.1,0.5,0.1000000048828125,0.5000000225830078,25.68882772155762,25.68889279663086,state_dict_ema,/groups/golan_neurogroup/bml_group/tomerash/advmodels/results/models/convnext_small_gradnorm_8_init1/pgd_eval/pgd_validation_results.csv,convnext_small_gradnorm_8_init1,l1_apgd,,convnext_small_gradnorm_8_init1,False,gradnorm,unknown,gradnorm,1,8.0,gradnorm,8.0,0.00392156862745098,convnext_small_gradnorm_8_init1,linf,eps=8 init 1,gradnorm
2026-04-09T07:52:03,model_best,results/models/convnext_small_gradnorm_8_init1/model_best.pth.tar,gradnorm,unknown,1,linf,2.0,0.0078431372549019,10,0.0015686274509803,0.1,0.5,0.1000000048828125,0.5000000225830078,25.68882772155762,25.68894472473145,state_dict_ema,/groups/golan_neurogroup/bml_group/tomerash/advmodels/results/models/convnext_small_gradnorm_8_init1/pgd_eval/pgd_validation_results.csv,convnext_small_gradnorm_8_init1,l1_apgd,,convnext_small_gradnorm_8_init1,False,gradnorm,unknown,gradnorm,1,8.0,gradnorm,8.0,0.00784313725490196,convnext_small_gradnorm_8_init1,linf,eps=8 init 1,gradnorm
2026-04-09T08:42:08,model_best,results/models/convnext_small_gradnorm_8_init1/model_best.pth.tar,gradnorm,unknown,1,linf,4.0,0.0156862745098039,10,0.0031372549019607,0.1,0.5,0.1000000048828125,0.5000000225830078,25.68882772155762,25.68904301208496,state_dict_ema,/groups/golan_neurogroup/bml_group/tomerash/advmodels/results/models/convnext_small_gradnorm_8_init1/pgd_eval/pgd_validation_results.csv,convnext_small_gradnorm_8_init1,l1_apgd,,convnext_small_gradnorm_8_init1,False,gradnorm,unknown,gradnorm,1,8.0,gradnorm,8.0,0.01568627450980392,convnext_small_gradnorm_8_init1,linf,eps=8 init 1,gradnorm
2026-04-09T09:32:15,model_best,results/models/convnext_small_gradnorm_8_init1/model_best.pth.tar,gradnorm,unknown,1,linf,8.0,0.0313725490196078,10,0.0062745098039215,0.1,0.5,0.1000000048828125,0.5000000225830078,25.68882772155762,25.689258668823243,state_dict_ema,/groups/golan_neurogroup/bml_group/tomerash/advmodels/results/models/convnext_small_gradnorm_8_init1/pgd_eval/pgd_validation_results.csv,convnext_small_gradnorm_8_init1,l1_apgd,,convnext_small_gradnorm_8_init1,False,gradnorm,unknown,gradnorm,1,8.0,gradnorm,8.0,0.03137254901960784,convnext_small_gradnorm_8_init1,linf,eps=8 init 1,gradnorm
2026-04-09T10:22:33,model_best,results/models/convnext_small_gradnorm_8_init1/model_best.pth.tar,gradnorm,unknown,1,linf,16.0,0.0627450980392156,10,0.0125490196078431,0.1,0.5,0.1000000048828125,0.5000000225830078,25.68882772155762,25.689693276367187,state_dict_ema,/groups/golan_neurogroup/bml_group/tomerash/advmodels/results/models/convnext_small_gradnorm_8_init1/pgd_eval/pgd_validation_results.csv,convnext_small_gradnorm_8_init1,l1_apgd,,convnext_small_gradnorm_8_init1,False,gradnorm,unknown,gradnorm,1,8.0,gradnorm,8.0,0.06274509803921569,convnext_small_gradnorm_8_init1,linf,eps=8 init 1,gradnorm
2026-04-09T12:03:11,model_best,results/models/convnext_small_gradnorm_8_init1/model_best.pth.tar,gradnorm,unknown,1,l2,1.0,1.0,10,0.2,0.1,0.5,0.1000000048828125,0.5000000225830078,25.68882772155762,25.68889461975097,state_dict_ema,/groups/golan_neurogroup/bml_group/tomerash/advmodels/results/models/convnext_small_gradnorm_8_init1/pgd_eval/pgd_validation_results.csv,convnext_small_gradnorm_8_init1,l1_apgd,,convnext_small_gradnorm_8_init1,False,gradnorm,unknown,gradnorm,1,8.0,gradnorm,8.0,1.0,convnext_small_gradnorm_8_init1,l2,eps=8 init 1,gradnorm
2026-04-09T12:53:31,model_best,results/models/convnext_small_gradnorm_8_init1/model_best.pth.tar,gradnorm,unknown,1,l2,2.0,2.0,10,0.4,0.1,0.5,0.1000000048828125,0.5000000225830078,25.68882772155762,25.68894791381836,state_dict_ema,/groups/golan_neurogroup/bml_group/tomerash/advmodels/results/models/convnext_small_gradnorm_8_init1/pgd_eval/pgd_validation_results.csv,convnext_small_gradnorm_8_init1,l1_apgd,,convnext_small_gradnorm_8_init1,False,gradnorm,unknown,gradnorm,1,8.0,gradnorm,8.0,2.0,convnext_small_gradnorm_8_init1,l2,eps=8 init 1,gradnorm
2026-04-09T13:43:52,model_best,results/models/convnext_small_gradnorm_8_init1/model_best.pth.tar,gradnorm,unknown,1,l2,4.0,4.0,10,0.8,0.1,0.5,0.1000000048828125,0.5000000225830078,25.68882772155762,25.689047353515623,state_dict_ema,/groups/golan_neurogroup/bml_group/tomerash/advmodels/results/models/convnext_small_gradnorm_8_init1/pgd_eval/pgd_validation_results.csv,convnext_small_gradnorm_8_init1,l1_apgd,,convnext_small_gradnorm_8_init1,False,gradnorm,unknown,gradnorm,1,8.0,gradnorm,8.0,4.0,convnext_small_gradnorm_8_init1,l2,eps=8 init 1,gradnorm
2026-04-09T14:34:13,model_best,results/models/convnext_small_gradnorm_8_init1/model_best.pth.tar,gradnorm,unknown,1,l2,8.0,8.0,10,1.6,0.1,0.5,0.1000000048828125,0.5000000225830078,25.68882772155762,25.689260258789066,state_dict_ema,/groups/golan_neurogroup/bml_group/tomerash/advmodels/results/models/convnext_small_gradnorm_8_init1/pgd_eval/pgd_validation_results.csv,convnext_small_gradnorm_8_init1,l1_apgd,,convnext_small_gradnorm_8_init1,False,gradnorm,unknown,gradnorm,1,8.0,gradnorm,8.0,8.0,convnext_small_gradnorm_8_init1,l2,eps=8 init 1,gradnorm
2026-04-09T15:24:31,model_best,results/models/convnext_small_gradnorm_8_init1/model_best.pth.tar,gradnorm,unknown,1,l2,16.0,16.0,10,3.2,0.1,0.5,0.1000000048828125,0.5000000225830078,25.68882772155762,25.68966024597168,state_dict_ema,/groups/golan_neurogroup/bml_group/tomerash/advmodels/results/models/convnext_small_gradnorm_8_init1/pgd_eval/pgd_validation_results.csv,convnext_small_gradnorm_8_init1,l1_apgd,,convnext_small_gradnorm_8_init1,False,gradnorm,unknown,gradnorm,1,8.0,gradnorm,8.0,16.0,convnext_small_gradnorm_8_init1,l2,eps=8 init 1,gradnorm
2026-04-09T17:06:54,model_best,results/models/convnext_small_gradnorm_8_init1/model_best.pth.tar,gradnorm,unknown,1,l1,1.0,127.5,10,25.5,0.1,0.5,0.1000000048828125,0.5000000225830078,25.68882772155762,25.6889043762207,state_dict_ema,/groups/golan_neurogroup/bml_group/tomerash/advmodels/results/models/convnext_small_gradnorm_8_init1/pgd_eval/pgd_validation_results.csv,convnext_small_gradnorm_8_init1,l1_apgd,0.05,convnext_small_gradnorm_8_init1,False,gradnorm,unknown,gradnorm,1,8.0,gradnorm,8.0,127.5,convnext_small_gradnorm_8_init1,l1_apgd,eps=8 init 1,gradnorm
2026-04-09T17:58:08,model_best,results/models/convnext_small_gradnorm_8_init1/model_best.pth.tar,gradnorm,unknown,1,l1,2.0,255.0,10,51.0,0.1,0.5,0.1000000048828125,0.5000000225830078,25.68882772155762,25.68896934265137,state_dict_ema,/groups/golan_neurogroup/bml_group/tomerash/advmodels/results/models/convnext_small_gradnorm_8_init1/pgd_eval/pgd_validation_results.csv,convnext_small_gradnorm_8_init1,l1_apgd,0.05,convnext_small_gradnorm_8_init1,False,gradnorm,unknown,gradnorm,1,8.0,gradnorm,8.0,255.0,convnext_small_gradnorm_8_init1,l1_apgd,eps=8 init 1,gradnorm
2026-04-09T18:49:22,model_best,results/models/convnext_small_gradnorm_8_init1/model_best.pth.tar,gradnorm,unknown,1,l1,4.0,510.0,10,102.0,0.1,0.5,0.1000000048828125,0.5000000225830078,25.68882772155762,25.68908755249024,state_dict_ema,/groups/golan_neurogroup/bml_group/tomerash/advmodels/results/models/convnext_small_gradnorm_8_init1/pgd_eval/pgd_validation_results.csv,convnext_small_gradnorm_8_init1,l1_apgd,0.05,convnext_small_gradnorm_8_init1,False,gradnorm,unknown,gradnorm,1,8.0,gradnorm,8.0,510.0,convnext_small_gradnorm_8_init1,l1_apgd,eps=8 init 1,gradnorm
2026-04-09T19:40:30,model_best,results/models/convnext_small_gradnorm_8_init1/model_best.pth.tar,gradnorm,unknown,1,l1,8.0,1020.0,10,204.0,0.1,0.5,0.1000000048828125,0.5000000225830078,25.68882772155762,25.689129530029295,state_dict_ema,/groups/golan_neurogroup/bml_group/tomerash/advmodels/results/models/convnext_small_gradnorm_8_init1/pgd_eval/pgd_validation_results.csv,convnext_small_gradnorm_8_init1,l1_apgd,0.05,convnext_small_gradnorm_8_init1,False,gradnorm,unknown,gradnorm,1,8.0,gradnorm,8.0,1020.0,convnext_small_gradnorm_8_init1,l1_apgd,eps=8 init 1,gradnorm
2026-04-09T20:31:34,model_best,results/models/convnext_small_gradnorm_8_init1/model_best.pth.tar,gradnorm,unknown,1,l1,16.0,2040.0,10,408.0,0.1,0.5,0.1000000048828125,0.5000000225830078,25.68882772155762,25.689146934814453,state_dict_ema,/groups/golan_neurogroup/bml_group/tomerash/advmodels/results/models/convnext_small_gradnorm_8_init1/pgd_eval/pgd_validation_results.csv,convnext_small_gradnorm_8_init1,l1_apgd,0.05,convnext_small_gradnorm_8_init1,False,gradnorm,unknown,gradnorm,1,8.0,gradnorm,8.0,2040.0,convnext_small_gradnorm_8_init1,l1_apgd,eps=8 init 1,gradnorm
2026-04-05T10:04:32,model_best,results/models/convnext_small_gradnorm_8_init2/model_best.pth.tar,gradnorm,unknown,2,linf,1.0,0.0039215686274509,10,0.0007843137254901,0.1,0.51,0.1000000048828125,0.5060000207519532,20.04559339355469,20.046310172119146,state_dict_ema,/groups/golan_neurogroup/bml_group/tomerash/advmodels/results/models/convnext_small_gradnorm_8_init2/pgd_eval/pgd_validation_results.csv,convnext_small_gradnorm_8_init2,l1_apgd,,convnext_small_gradnorm_8_init2,False,gradnorm,unknown,gradnorm,2,8.0,gradnorm,8.0,0.00392156862745098,convnext_small_gradnorm_8_init2,linf,eps=8 init 2,gradnorm
2026-04-05T10:56:25,model_best,results/models/convnext_small_gradnorm_8_init2/model_best.pth.tar,gradnorm,unknown,2,linf,2.0,0.0078431372549019,10,0.0015686274509803,0.1,0.51,0.1000000048828125,0.4980000219726562,20.04559339355469,20.047006256103515,state_dict_ema,/groups/golan_neurogroup/bml_group/tomerash/advmodels/results/models/convnext_small_gradnorm_8_init2/pgd_eval/pgd_validation_results.csv,convnext_small_gradnorm_8_init2,l1_apgd,,convnext_small_gradnorm_8_init2,False,gradnorm,unknown,gradnorm,2,8.0,gradnorm,8.0,0.00784313725490196,convnext_small_gradnorm_8_init2,linf,eps=8 init 2,gradnorm
2026-04-05T11:48:13,model_best,results/models/convnext_small_gradnorm_8_init2/model_best.pth.tar,gradnorm,unknown,2,linf,4.0,0.0156862745098039,10,0.0031372549019607,0.1,0.51,0.1000000048828125,0.4880000244140625,20.04559339355469,20.048394099731446,state_dict_ema,/groups/golan_neurogroup/bml_group/tomerash/advmodels/results/models/convnext_small_gradnorm_8_init2/pgd_eval/pgd_validation_results.csv,convnext_small_gradnorm_8_init2,l1_apgd,,convnext_small_gradnorm_8_init2,False,gradnorm,unknown,gradnorm,2,8.0,gradnorm,8.0,0.01568627450980392,convnext_small_gradnorm_8_init2,linf,eps=8 init 2,gradnorm
2026-04-05T12:40:06,model_best,results/models/convnext_small_gradnorm_8_init2/model_best.pth.tar,gradnorm,unknown,2,linf,8.0,0.0313725490196078,10,0.0062745098039215,0.1,0.51,0.1000000048828125,0.4660000213623047,20.04559339355469,20.051108571166992,state_dict_ema,/groups/golan_neurogroup/bml_group/tomerash/advmodels/results/models/convnext_small_gradnorm_8_init2/pgd_eval/pgd_validation_results.csv,convnext_small_gradnorm_8_init2,l1_apgd,,convnext_small_gradnorm_8_init2,False,gradnorm,unknown,gradnorm,2,8.0,gradnorm,8.0,0.03137254901960784,convnext_small_gradnorm_8_init2,linf,eps=8 init 2,gradnorm
2026-04-05T13:31:56,model_best,results/models/convnext_small_gradnorm_8_init2/model_best.pth.tar,gradnorm,unknown,2,linf,16.0,0.0627450980392156,10,0.0125490196078431,0.1,0.51,0.1000000048828125,0.44200001953125,20.04559339355469,20.056105866088867,state_dict_ema,/groups/golan_neurogroup/bml_group/tomerash/advmodels/results/models/convnext_small_gradnorm_8_init2/pgd_eval/pgd_validation_results.csv,convnext_small_gradnorm_8_init2,l1_apgd,,convnext_small_gradnorm_8_init2,False,gradnorm,unknown,gradnorm,2,8.0,gradnorm,8.0,0.06274509803921569,convnext_small_gradnorm_8_init2,linf,eps=8 init 2,gradnorm
2026-04-05T15:15:43,model_best,results/models/convnext_small_gradnorm_8_init2/model_best.pth.tar,gradnorm,unknown,2,l2,1.0,1.0,10,0.2,0.1,0.51,0.1000000048828125,0.5060000225830078,20.04559339355469,20.04636579284668,state_dict_ema,/groups/golan_neurogroup/bml_group/tomerash/advmodels/results/models/convnext_small_gradnorm_8_init2/pgd_eval/pgd_validation_results.csv,convnext_small_gradnorm_8_init2,l1_apgd,,convnext_small_gradnorm_8_init2,False,gradnorm,unknown,gradnorm,2,8.0,gradnorm,8.0,1.0,convnext_small_gradnorm_8_init2,l2,eps=8 init 2,gradnorm
2026-04-05T16:07:26,model_best,results/models/convnext_small_gradnorm_8_init2/model_best.pth.tar,gradnorm,unknown,2,l2,2.0,2.0,10,0.4,0.1,0.51,0.1000000048828125,0.4940000207519531,20.04559339355469,20.04711593200684,state_dict_ema,/groups/golan_neurogroup/bml_group/tomerash/advmodels/results/models/convnext_small_gradnorm_8_init2/pgd_eval/pgd_validation_results.csv,convnext_small_gradnorm_8_init2,l1_apgd,,convnext_small_gradnorm_8_init2,False,gradnorm,unknown,gradnorm,2,8.0,gradnorm,8.0,2.0,convnext_small_gradnorm_8_init2,l2,eps=8 init 2,gradnorm
2026-04-05T16:59:15,model_best,results/models/convnext_small_gradnorm_8_init2/model_best.pth.tar,gradnorm,unknown,2,l2,4.0,4.0,10,0.8,0.1,0.51,0.1000000048828125,0.4900000250244141,20.04559339355469,20.04853930419922,state_dict_ema,/groups/golan_neurogroup/bml_group/tomerash/advmodels/results/models/convnext_small_gradnorm_8_init2/pgd_eval/pgd_validation_results.csv,convnext_small_gradnorm_8_init2,l1_apgd,,convnext_small_gradnorm_8_init2,False,gradnorm,unknown,gradnorm,2,8.0,gradnorm,8.0,4.0,convnext_small_gradnorm_8_init2,l2,eps=8 init 2,gradnorm
2026-04-05T17:51:01,model_best,results/models/convnext_small_gradnorm_8_init2/model_best.pth.tar,gradnorm,unknown,2,l2,8.0,8.0,10,1.6,0.1,0.51,0.1000000048828125,0.4640000207519531,20.04559339355469,20.0512100390625,state_dict_ema,/groups/golan_neurogroup/bml_group/tomerash/advmodels/results/models/convnext_small_gradnorm_8_init2/pgd_eval/pgd_validation_results.csv,convnext_small_gradnorm_8_init2,l1_apgd,,convnext_small_gradnorm_8_init2,False,gradnorm,unknown,gradnorm,2,8.0,gradnorm,8.0,8.0,convnext_small_gradnorm_8_init2,l2,eps=8 init 2,gradnorm
2026-04-05T18:42:54,model_best,results/models/convnext_small_gradnorm_8_init2/model_best.pth.tar,gradnorm,unknown,2,l2,16.0,16.0,10,3.2,0.1,0.51,0.1000000048828125,0.4440000196838379,20.04559339355469,20.055549209594727,state_dict_ema,/groups/golan_neurogroup/bml_group/tomerash/advmodels/results/models/convnext_small_gradnorm_8_init2/pgd_eval/pgd_validation_results.csv,convnext_small_gradnorm_8_init2,l1_apgd,,convnext_small_gradnorm_8_init2,False,gradnorm,unknown,gradnorm,2,8.0,gradnorm,8.0,16.0,convnext_small_gradnorm_8_init2,l2,eps=8 init 2,gradnorm
2026-04-05T20:28:23,model_best,results/models/convnext_small_gradnorm_8_init2/model_best.pth.tar,gradnorm,unknown,2,l1,1.0,127.5,10,25.5,0.1,0.51,0.1000000048828125,0.5040000256347656,20.04559339355469,20.0465033190918,state_dict_ema,/groups/golan_neurogroup/bml_group/tomerash/advmodels/results/models/convnext_small_gradnorm_8_init2/pgd_eval/pgd_validation_results.csv,convnext_small_gradnorm_8_init2,l1_apgd,0.05,convnext_small_gradnorm_8_init2,False,gradnorm,unknown,gradnorm,2,8.0,gradnorm,8.0,127.5,convnext_small_gradnorm_8_init2,l1_apgd,eps=8 init 2,gradnorm
2026-04-05T21:21:12,model_best,results/models/convnext_small_gradnorm_8_init2/model_best.pth.tar,gradnorm,unknown,2,l1,2.0,255.0,10,51.0,0.1,0.51,0.1000000048828125,0.4900000250244141,20.04559339355469,20.04741429016113,state_dict_ema,/groups/golan_neurogroup/bml_group/tomerash/advmodels/results/models/convnext_small_gradnorm_8_init2/pgd_eval/pgd_validation_results.csv,convnext_small_gradnorm_8_init2,l1_apgd,0.05,convnext_small_gradnorm_8_init2,False,gradnorm,unknown,gradnorm,2,8.0,gradnorm,8.0,255.0,convnext_small_gradnorm_8_init2,l1_apgd,eps=8 init 2,gradnorm
2026-04-05T22:14:05,model_best,results/models/convnext_small_gradnorm_8_init2/model_best.pth.tar,gradnorm,unknown,2,l1,4.0,510.0,10,102.0,0.1,0.51,0.1000000048828125,0.4800000219726562,20.04559339355469,20.04850133544922,state_dict_ema,/groups/golan_neurogroup/bml_group/tomerash/advmodels/results/models/convnext_small_gradnorm_8_init2/pgd_eval/pgd_validation_results.csv,convnext_small_gradnorm_8_init2,l1_apgd,0.05,convnext_small_gradnorm_8_init2,False,gradnorm,unknown,gradnorm,2,8.0,gradnorm,8.0,510.0,convnext_small_gradnorm_8_init2,l1_apgd,eps=8 init 2,gradnorm
2026-04-05T23:06:55,model_best,results/models/convnext_small_gradnorm_8_init2/model_best.pth.tar,gradnorm,unknown,2,l1,8.0,1020.0,10,204.0,0.1,0.51,0.1000000048828125,0.4820000198364257,20.04559339355469,20.049148175048828,state_dict_ema,/groups/golan_neurogroup/bml_group/tomerash/advmodels/results/models/convnext_small_gradnorm_8_init2/pgd_eval/pgd_validation_results.csv,convnext_small_gradnorm_8_init2,l1_apgd,0.05,convnext_small_gradnorm_8_init2,False,gradnorm,unknown,gradnorm,2,8.0,gradnorm,8.0,1020.0,convnext_small_gradnorm_8_init2,l1_apgd,eps=8 init 2,gradnorm
2026-04-05T23:59:43,model_best,results/models/convnext_small_gradnorm_8_init2/model_best.pth.tar,gradnorm,unknown,2,l1,16.0,2040.0,10,408.0,0.1,0.51,0.1000000048828125,0.472000022277832,20.04559339355469,20.04958478149414,state_dict_ema,/groups/golan_neurogroup/bml_group/tomerash/advmodels/results/models/convnext_small_gradnorm_8_init2/pgd_eval/pgd_validation_results.csv,convnext_small_gradnorm_8_init2,l1_apgd,0.05,convnext_small_gradnorm_8_init2,False,gradnorm,unknown,gradnorm,2,8.0,gradnorm,8.0,2040.0,convnext_small_gradnorm_8_init2,l1_apgd,eps=8 init 2,gradnorm
2026-03-24T14:54:42,model_best,/home/ashtomer/projects/ares/results/models/convnext_small_baseline_init1/model_best.pth.tar,baseline,unknown,1,linf,1.0,0.0039215686274509,10,0.0007843137254901,81.164,95.498,5.99,23.568,0.7466426676940918,12.894995858154298,state_dict_ema,/groups/golan_neurogroup/bml_group/tomerash/advmodels/results/models/convnext_small_baseline_init1/pgd_eval/pgd_validation_results.csv,convnext_small_baseline_init1,,,convnext_small_baseline_init1,True,baseline,unknown,baseline,1,,gradnorm,,0.00392156862745098,convnext_small_baseline_init1,linf,baseline,gradnorm
2026-03-24T16:52:51,model_best,/home/ashtomer/projects/ares/results/models/convnext_small_baseline_init1/model_best.pth.tar,baseline,unknown,1,linf,2.0,0.0078431372549019,10,0.0015686274509803,81.164,95.498,0.406,2.98,0.7466426676940918,18.096194407348637,state_dict_ema,/groups/golan_neurogroup/bml_group/tomerash/advmodels/results/models/convnext_small_baseline_init1/pgd_eval/pgd_validation_results.csv,convnext_small_baseline_init1,,,convnext_small_baseline_init1,True,baseline,unknown,baseline,1,,gradnorm,,0.00784313725490196,convnext_small_baseline_init1,linf,baseline,gradnorm
2026-03-24T18:50:54,model_best,/home/ashtomer/projects/ares/results/models/convnext_small_baseline_init1/model_best.pth.tar,baseline,unknown,1,linf,4.0,0.0156862745098039,10,0.0031372549019607,81.164,95.498,0.006,0.112,0.7466426676940918,21.41060130493164,state_dict_ema,/groups/golan_neurogroup/bml_group/tomerash/advmodels/results/models/convnext_small_baseline_init1/pgd_eval/pgd_validation_results.csv,convnext_small_baseline_init1,,,convnext_small_baseline_init1,True,baseline,unknown,baseline,1,,gradnorm,,0.01568627450980392,convnext_small_baseline_init1,linf,baseline,gradnorm
2026-03-24T20:48:55,model_best,/home/ashtomer/projects/ares/results/models/convnext_small_baseline_init1/model_best.pth.tar,baseline,unknown,1,linf,8.0,0.0313725490196078,10,0.0062745098039215,81.164,95.498,0.0,0.004,0.7466426676940918,23.356911959838868,state_dict_ema,/groups/golan_neurogroup/bml_group/tomerash/advmodels/results/models/convnext_small_baseline_init1/pgd_eval/pgd_validation_results.csv,convnext_small_baseline_init1,,,convnext_small_baseline_init1,True,baseline,unknown,baseline,1,,gradnorm,,0.03137254901960784,convnext_small_baseline_init1,linf,baseline,gradnorm
2026-03-24T22:47:05,model_best,/home/ashtomer/projects/ares/results/models/convnext_small_baseline_init1/model_best.pth.tar,baseline,unknown,1,linf,16.0,0.0627450980392156,10,0.0125490196078431,81.164,95.498,0.0,0.006,0.7466426676940918,23.910096939697265,state_dict_ema,/groups/golan_neurogroup/bml_group/tomerash/advmodels/results/models/convnext_small_baseline_init1/pgd_eval/pgd_validation_results.csv,convnext_small_baseline_init1,,,convnext_small_baseline_init1,True,baseline,unknown,baseline,1,,gradnorm,,0.06274509803921569,convnext_small_baseline_init1,linf,baseline,gradnorm
2026-03-25T02:43:49,model_best,/home/ashtomer/projects/ares/results/models/convnext_small_baseline_init1/model_best.pth.tar,baseline,unknown,1,l2,1.0,1.0,10,0.2,81.164,95.498,5.372,23.164,0.7466426676940918,13.02661659301758,state_dict_ema,/groups/golan_neurogroup/bml_group/tomerash/advmodels/results/models/convnext_small_baseline_init1/pgd_eval/pgd_validation_results.csv,convnext_small_baseline_init1,,,convnext_small_baseline_init1,True,baseline,unknown,baseline,1,,gradnorm,,1.0,convnext_small_baseline_init1,l2,baseline,gradnorm
2026-03-25T04:42:13,model_best,/home/ashtomer/projects/ares/results/models/convnext_small_baseline_init1/model_best.pth.tar,baseline,unknown,1,l2,2.0,2.0,10,0.4,81.164,95.498,0.618,5.186,0.7466426676940918,17.831239537353515,state_dict_ema,/groups/golan_neurogroup/bml_group/tomerash/advmodels/results/models/convnext_small_baseline_init1/pgd_eval/pgd_validation_results.csv,convnext_small_baseline_init1,,,convnext_small_baseline_init1,True,baseline,unknown,baseline,1,,gradnorm,,2.0,convnext_small_baseline_init1,l2,baseline,gradnorm
2026-03-25T06:40:17,model_best,/home/ashtomer/projects/ares/results/models/convnext_small_baseline_init1/model_best.pth.tar,baseline,unknown,1,l2,4.0,4.0,10,0.8,81.164,95.498,0.022,0.736,0.7466426676940918,21.26856814453125,state_dict_ema,/groups/golan_neurogroup/bml_group/tomerash/advmodels/results/models/convnext_small_baseline_init1/pgd_eval/pgd_validation_results.csv,convnext_small_baseline_init1,,,convnext_small_baseline_init1,True,baseline,unknown,baseline,1,,gradnorm,,4.0,convnext_small_baseline_init1,l2,baseline,gradnorm
2026-03-25T08:38:11,model_best,/home/ashtomer/projects/ares/results/models/convnext_small_baseline_init1/model_best.pth.tar,baseline,unknown,1,l2,8.0,8.0,10,1.6,81.164,95.498,0.0,0.09,0.7466426676940918,23.37639285522461,state_dict_ema,/groups/golan_neurogroup/bml_group/tomerash/advmodels/results/models/convnext_small_baseline_init1/pgd_eval/pgd_validation_results.csv,convnext_small_baseline_init1,,,convnext_small_baseline_init1,True,baseline,unknown,baseline,1,,gradnorm,,8.0,convnext_small_baseline_init1,l2,baseline,gradnorm
2026-03-25T10:36:23,model_best,/home/ashtomer/projects/ares/results/models/convnext_small_baseline_init1/model_best.pth.tar,baseline,unknown,1,l2,16.0,16.0,10,3.2,81.164,95.498,0.0,0.014,0.7466426676940918,24.28835455993652,state_dict_ema,/groups/golan_neurogroup/bml_group/tomerash/advmodels/results/models/convnext_small_baseline_init1/pgd_eval/pgd_validation_results.csv,convnext_small_baseline_init1,,,convnext_small_baseline_init1,True,baseline,unknown,baseline,1,,gradnorm,,16.0,convnext_small_baseline_init1,l2,baseline,gradnorm
2026-03-29T16:19:48,model_best,/home/ashtomer/projects/ares/results/models/convnext_small_baseline_init1/model_best.pth.tar,baseline,unknown,1,l1,1.0,127.5,10,25.5,81.164,95.498,12.358,55.164,0.7466426676940918,7.308053318481445,state_dict_ema,/groups/golan_neurogroup/bml_group/tomerash/advmodels/results/models/convnext_small_baseline_init1/pgd_eval_l1_apgd/pgd_validation_results_l1_apgd.csv,convnext_small_baseline_init1,l1_apgd,0.05,convnext_small_baseline_init1,True,baseline,unknown,baseline,1,,gradnorm,,127.5,convnext_small_baseline_init1,l1_apgd,baseline,gradnorm
2026-03-29T18:27:12,model_best,/home/ashtomer/projects/ares/results/models/convnext_small_baseline_init1/model_best.pth.tar,baseline,unknown,1,l1,2.0,255.0,10,51.0,81.164,95.498,12.45,53.71,0.7466426676940918,7.182674982910156,state_dict_ema,/groups/golan_neurogroup/bml_group/tomerash/advmodels/results/models/convnext_small_baseline_init1/pgd_eval_l1_apgd/pgd_validation_results_l1_apgd.csv,convnext_small_baseline_init1,l1_apgd,0.05,convnext_small_baseline_init1,True,baseline,unknown,baseline,1,,gradnorm,,255.0,convnext_small_baseline_init1,l1_apgd,baseline,gradnorm
2026-03-29T20:34:14,model_best,/home/ashtomer/projects/ares/results/models/convnext_small_baseline_init1/model_best.pth.tar,baseline,unknown,1,l1,4.0,510.0,10,102.0,81.164,95.498,14.96,53.96,0.7466426676940918,6.659770849761963,state_dict_ema,/groups/golan_neurogroup/bml_group/tomerash/advmodels/results/models/convnext_small_baseline_init1/pgd_eval_l1_apgd/pgd_validation_results_l1_apgd.csv,convnext_small_baseline_init1,l1_apgd,0.05,convnext_small_baseline_init1,True,baseline,unknown,baseline,1,,gradnorm,,510.0,convnext_small_baseline_init1,l1_apgd,baseline,gradnorm
2026-03-29T22:40:57,model_best,/home/ashtomer/projects/ares/results/models/convnext_small_baseline_init1/model_best.pth.tar,baseline,unknown,1,l1,8.0,1020.0,10,204.0,81.164,95.498,19.938,58.048,0.7466426676940918,5.763472031402588,state_dict_ema,/groups/golan_neurogroup/bml_group/tomerash/advmodels/results/models/convnext_small_baseline_init1/pgd_eval_l1_apgd/pgd_validation_results_l1_apgd.csv,convnext_small_baseline_init1,l1_apgd,0.05,convnext_small_baseline_init1,True,baseline,unknown,baseline,1,,gradnorm,,1020.0,convnext_small_baseline_init1,l1_apgd,baseline,gradnorm
2026-03-30T00:47:11,model_best,/home/ashtomer/projects/ares/results/models/convnext_small_baseline_init1/model_best.pth.tar,baseline,unknown,1,l1,16.0,2040.0,10,408.0,81.164,95.498,27.454,65.528,0.7466426676940918,4.444194863128662,state_dict_ema,/groups/golan_neurogroup/bml_group/tomerash/advmodels/results/models/convnext_small_baseline_init1/pgd_eval_l1_apgd/pgd_validation_results_l1_apgd.csv,convnext_small_baseline_init1,l1_apgd,0.05,convnext_small_baseline_init1,True,baseline,unknown,baseline,1,,gradnorm,,2040.0,convnext_small_baseline_init1,l1_apgd,baseline,gradnorm
2026-03-24T15:05:33,model_best,/home/ashtomer/projects/ares/results/models/convnext_small_baseline_init2/model_best.pth.tar,baseline,unknown,2,linf,1.0,0.0039215686274509,10,0.0007843137254901,78.038,93.274,3.656,9.87,1.0900927336883546,14.643175200805665,state_dict_ema,/groups/golan_neurogroup/bml_group/tomerash/advmodels/results/models/convnext_small_baseline_init2/pgd_eval/pgd_validation_results.csv,convnext_small_baseline_init2,,,convnext_small_baseline_init2,True,baseline,unknown,baseline,2,,gradnorm,,0.00392156862745098,convnext_small_baseline_init2,linf,baseline,gradnorm
2026-03-24T17:09:01,model_best,/home/ashtomer/projects/ares/results/models/convnext_small_baseline_init2/model_best.pth.tar,baseline,unknown,2,linf,2.0,0.0078431372549019,10,0.0015686274509803,78.038,93.274,0.218,0.79,1.0900927336883546,20.825950629272462,state_dict_ema,/groups/golan_neurogroup/bml_group/tomerash/advmodels/results/models/convnext_small_baseline_init2/pgd_eval/pgd_validation_results.csv,convnext_small_baseline_init2,,,convnext_small_baseline_init2,True,baseline,unknown,baseline,2,,gradnorm,,0.00784313725490196,convnext_small_baseline_init2,linf,baseline,gradnorm
2026-03-24T19:12:28,model_best,/home/ashtomer/projects/ares/results/models/convnext_small_baseline_init2/model_best.pth.tar,baseline,unknown,2,linf,4.0,0.0156862745098039,10,0.0031372549019607,78.038,93.274,0.006,0.03,1.0900927336883546,24.26627750854492,state_dict_ema,/groups/golan_neurogroup/bml_group/tomerash/advmodels/results/models/convnext_small_baseline_init2/pgd_eval/pgd_validation_results.csv,convnext_small_baseline_init2,,,convnext_small_baseline_init2,True,baseline,unknown,baseline,2,,gradnorm,,0.01568627450980392,convnext_small_baseline_init2,linf,baseline,gradnorm
2026-03-24T21:15:47,model_best,/home/ashtomer/projects/ares/results/models/convnext_small_baseline_init2/model_best.pth.tar,baseline,unknown,2,linf,8.0,0.0313725490196078,10,0.0062745098039215,78.038,93.274,0.0,0.0,1.0900927336883546,25.6059144732666,state_dict_ema,/groups/golan_neurogroup/bml_group/tomerash/advmodels/results/models/convnext_small_baseline_init2/pgd_eval/pgd_validation_results.csv,convnext_small_baseline_init2,,,convnext_small_baseline_init2,True,baseline,unknown,baseline,2,,gradnorm,,0.03137254901960784,convnext_small_baseline_init2,linf,baseline,gradnorm
2026-03-24T23:18:49,model_best,/home/ashtomer/projects/ares/results/models/convnext_small_baseline_init2/model_best.pth.tar,baseline,unknown,2,linf,16.0,0.0627450980392156,10,0.0125490196078431,78.038,93.274,0.0,0.0,1.0900927336883546,25.50090451049805,state_dict_ema,/groups/golan_neurogroup/bml_group/tomerash/advmodels/results/models/convnext_small_baseline_init2/pgd_eval/pgd_validation_results.csv,convnext_small_baseline_init2,,,convnext_small_baseline_init2,True,baseline,unknown,baseline,2,,gradnorm,,0.06274509803921569,convnext_small_baseline_init2,linf,baseline,gradnorm
2026-03-25T03:25:30,model_best,/home/ashtomer/projects/ares/results/models/convnext_small_baseline_init2/model_best.pth.tar,baseline,unknown,2,l2,1.0,1.0,10,0.2,78.038,93.274,3.89,11.532,1.0900927336883546,14.013167982177734,state_dict_ema,/groups/golan_neurogroup/bml_group/tomerash/advmodels/results/models/convnext_small_baseline_init2/pgd_eval/pgd_validation_results.csv,convnext_small_baseline_init2,,,convnext_small_baseline_init2,True,baseline,unknown,baseline,2,,gradnorm,,1.0,convnext_small_baseline_init2,l2,baseline,gradnorm
2026-03-25T05:28:43,model_best,/home/ashtomer/projects/ares/results/models/convnext_small_baseline_init2/model_best.pth.tar,baseline,unknown,2,l2,2.0,2.0,10,0.4,78.038,93.274,0.408,1.858,1.0900927336883546,19.96371116088867,state_dict_ema,/groups/golan_neurogroup/bml_group/tomerash/advmodels/results/models/convnext_small_baseline_init2/pgd_eval/pgd_validation_results.csv,convnext_small_baseline_init2,,,convnext_small_baseline_init2,True,baseline,unknown,baseline,2,,gradnorm,,2.0,convnext_small_baseline_init2,l2,baseline,gradnorm
2026-03-25T07:31:40,model_best,/home/ashtomer/projects/ares/results/models/convnext_small_baseline_init2/model_best.pth.tar,baseline,unknown,2,l2,4.0,4.0,10,0.8,78.038,93.274,0.016,0.18,1.0900927336883546,24.052646446533203,state_dict_ema,/groups/golan_neurogroup/bml_group/tomerash/advmodels/results/models/convnext_small_baseline_init2/pgd_eval/pgd_validation_results.csv,convnext_small_baseline_init2,,,convnext_small_baseline_init2,True,baseline,unknown,baseline,2,,gradnorm,,4.0,convnext_small_baseline_init2,l2,baseline,gradnorm
2026-03-25T09:34:31,model_best,/home/ashtomer/projects/ares/results/models/convnext_small_baseline_init2/model_best.pth.tar,baseline,unknown,2,l2,8.0,8.0,10,1.6,78.038,93.274,0.0,0.014,1.0900927336883546,25.9160859375,state_dict_ema,/groups/golan_neurogroup/bml_group/tomerash/advmodels/results/models/convnext_small_baseline_init2/pgd_eval/pgd_validation_results.csv,convnext_small_baseline_init2,,,convnext_small_baseline_init2,True,baseline,unknown,baseline,2,,gradnorm,,8.0,convnext_small_baseline_init2,l2,baseline,gradnorm
2026-03-25T11:37:49,model_best,/home/ashtomer/projects/ares/results/models/convnext_small_baseline_init2/model_best.pth.tar,baseline,unknown,2,l2,16.0,16.0,10,3.2,78.038,93.274,0.0,0.002,1.0900927336883546,26.21374773376465,state_dict_ema,/groups/golan_neurogroup/bml_group/tomerash/advmodels/results/models/convnext_small_baseline_init2/pgd_eval/pgd_validation_results.csv,convnext_small_baseline_init2,,,convnext_small_baseline_init2,True,baseline,unknown,baseline,2,,gradnorm,,16.0,convnext_small_baseline_init2,l2,baseline,gradnorm
2026-03-30T02:47:33,model_best,/home/ashtomer/projects/ares/results/models/convnext_small_baseline_init2/model_best.pth.tar,baseline,unknown,2,l1,1.0,127.5,10,25.5,78.038,93.274,18.944,44.326,1.0900927336883546,6.223387974853516,state_dict_ema,/groups/golan_neurogroup/bml_group/tomerash/advmodels/results/models/convnext_small_baseline_init2/pgd_eval_l1_apgd/pgd_validation_results_l1_apgd.csv,convnext_small_baseline_init2,l1_apgd,0.05,convnext_small_baseline_init2,True,baseline,unknown,baseline,2,,gradnorm,,127.5,convnext_small_baseline_init2,l1_apgd,baseline,gradnorm
2026-03-30T04:46:11,model_best,/home/ashtomer/projects/ares/results/models/convnext_small_baseline_init2/model_best.pth.tar,baseline,unknown,2,l1,2.0,255.0,10,51.0,78.038,93.274,19.368,42.216,1.0900927336883546,6.118782602386474,state_dict_ema,/groups/golan_neurogroup/bml_group/tomerash/advmodels/results/models/convnext_small_baseline_init2/pgd_eval_l1_apgd/pgd_validation_results_l1_apgd.csv,convnext_small_baseline_init2,l1_apgd,0.05,convnext_small_baseline_init2,True,baseline,unknown,baseline,2,,gradnorm,,255.0,convnext_small_baseline_init2,l1_apgd,baseline,gradnorm
2026-03-30T06:44:56,model_best,/home/ashtomer/projects/ares/results/models/convnext_small_baseline_init2/model_best.pth.tar,baseline,unknown,2,l1,4.0,510.0,10,102.0,78.038,93.274,21.12,43.874,1.0900927336883546,5.704035775146484,state_dict_ema,/groups/golan_neurogroup/bml_group/tomerash/advmodels/results/models/convnext_small_baseline_init2/pgd_eval_l1_apgd/pgd_validation_results_l1_apgd.csv,convnext_small_baseline_init2,l1_apgd,0.05,convnext_small_baseline_init2,True,baseline,unknown,baseline,2,,gradnorm,,510.0,convnext_small_baseline_init2,l1_apgd,baseline,gradnorm
2026-03-30T08:43:55,model_best,/home/ashtomer/projects/ares/results/models/convnext_small_baseline_init2/model_best.pth.tar,baseline,unknown,2,l1,8.0,1020.0,10,204.0,78.038,93.274,25.926,50.742,1.0900927336883546,4.876596847229004,state_dict_ema,/groups/golan_neurogroup/bml_group/tomerash/advmodels/results/models/convnext_small_baseline_init2/pgd_eval_l1_apgd/pgd_validation_results_l1_apgd.csv,convnext_small_baseline_init2,l1_apgd,0.05,convnext_small_baseline_init2,True,baseline,unknown,baseline,2,,gradnorm,,1020.0,convnext_small_baseline_init2,l1_apgd,baseline,gradnorm
2026-03-30T10:42:45,model_best,/home/ashtomer/projects/ares/results/models/convnext_small_baseline_init2/model_best.pth.tar,baseline,unknown,2,l1,16.0,2040.0,10,408.0,78.038,93.274,31.272,57.116,1.0900927336883546,4.18918846786499,state_dict_ema,/groups/golan_neurogroup/bml_group/tomerash/advmodels/results/models/convnext_small_baseline_init2/pgd_eval_l1_apgd/pgd_validation_results_l1_apgd.csv,convnext_small_baseline_init2,l1_apgd,0.05,convnext_small_baseline_init2,True,baseline,unknown,baseline,2,,gradnorm,,2040.0,convnext_small_baseline_init2,l1_apgd,baseline,gradnorm
